domain,opr_pagerank,opr_global_rank,tranco_rank,majestic_rank,is_ua
profiline.ua,4.37,96380,,,1
dim-sb.com,3.9,1457002,,,0
alp.com.ua,3.74,1533431,554626,659432,1
inoxstore.com.ua,3.73,1555276,,,1
zhaba-igor.com,3.73,1555913,,,0
aqua-life.ua,3.27,2914344,,,1
fishki.ua,3.16,3565699,,775167,1
supersumka.net,3.14,3656383,,,0
coffeetrade.ua,3.13,3700687,,769720,1
zolotoy-standart.com.ua,3.13,3701046,,703138,1
posters.md,3.1,3891315,,,0
hillary.ua,3.07,4089802,379746,,1
lantale.com.ua,3.07,4097306,,834625,1
chernomor-cosmetics.ua,3.02,4521935,,,1
in-green.com.ua,2.99,4789343,972871,700123,1
worldvision.com.ua,2.99,4790571,,951828,1
milkyvape.shop,2.96,5058660,,,0
brooklet.com.ua,2.94,5237501,,,1
koffer.ua,2.92,5463605,907413,,1
wookie.com.ua,2.9,5815274,166935,476543,1
beerfreak.org,2.9,5774601,,,0
mebelopt.ua,2.9,5773569,,,1
medtehnikalife.com.ua,2.9,5864315,,,1
sens.in.ua,2.89,5940427,819083,,1
franke-partner.com.ua,2.87,6149568,,,1
modeland.com.ua,2.87,6187829,,,1
technonicol.com.ua,2.87,6131672,,,1
lanota.com.ua,2.86,6325538,726460,,1
svitparketu.com.ua,2.85,6450412,,,1
grossmeister.com.ua,2.84,6537641,,,1
amador.com,2.82,6737249,,,0
filmexpro.ua,2.82,6660466,,,1
mobiletrend.com.ua,2.8,7076682,,,1
soundstore.com.ua,2.8,7067512,,,1
solar.biz.ua,2.78,7301076,,,1
geekach.com.ua,2.77,7488164,492282,401550,1
flash-skate.com.ua,2.77,7481240,,,1
poteshki.com.ua,2.77,7512407,,,1
ponova.com.ua,2.75,7818994,523420,,1
cosmic.com.ua,2.74,7967680,,,1
edem-textile.com.ua,2.74,7960662,,,1
knyharnia.eu,2.74,7891333,,,0
tovarystvo-kraftu.com,2.74,7934058,,,0
brazil-prof.com,2.73,8217243,,,0
cartools.com.ua,2.73,8128938,,,1
lordofboards.com.ua,2.73,8088194,,746439,1
kazanova.ua,2.72,8293156,,933141,1
velopodium.com.ua,2.71,8480853,940547,,1
740.com.ua,2.71,8438869,,,1
hollyskin.com.ua,2.7,8757517,710685,,1
homefood.ua,2.7,8804138,782584,,1
granitlion.com.ua,2.7,8774585,,,1
unisport.ua,2.69,9058326,,,1
bonro.ua,2.68,9300278,669767,,1
dubhumans.com,2.68,9185537,,,0
vorota-center.com.ua,2.68,9412580,,,1
tramp.in.ua,2.67,9551500,829229,,1
airunit.com.ua,2.67,9629538,,,1
lambre.ua,2.67,9589276,,,1
tactic4profi.com,2.67,9615804,,,0
titan.ua,2.67,9727286,,,1
amebli.com.ua,2.66,9892741,751842,,1
hadatcosmetics.store,2.66,9901919,,,0
teplorry.com.ua,2.66,9890548,,,1
guitarhouse.com.ua,2.65,10051850,741078,,1
clubpuer.com.ua,2.65,10122366,764106,,1
a-mega-auto.com,2.65,10204041,,,0
kubik.in.ua,2.65,10080576,,,1
viopol.com.ua,2.65,10000160,,,1
zadeshevo.com.ua,2.65,10055215,,,1
yuki.ua,2.64,10432375,426270,968228,1
evo.net.ua,2.64,10258846,,,1
kiddiua.com.ua,2.63,10633408,,,1
good-harvest.ua,2.62,10858050,454601,,1
doctor-h.com.ua,2.62,10960094,567203,676643,1
matrasroll.com.ua,2.62,10835218,796932,,1
efarm.pro,2.62,10993668,,,0
kompozit.ua,2.62,10917262,,,1
ptashkinsad.com,2.62,10833186,,,0
5g.in.ua,2.61,11088707,,,1
delikatto.com.ua,2.61,11108877,,,1
petroline.ua,2.61,11097358,,,1
blackpink.com.ua,2.6,11407260,,,1
pearl-styles.com,2.6,11553786,,,0
viltrox.com.ua,2.6,11467609,,,1
usavitamines.com.ua,2.59,11715184,697076,,1
medshvetsmarka.com.ua,2.59,11794138,,,1
obuv-complekt.com,2.59,11642496,,806115,0
prostoneba.ua,2.59,11793919,,,1
self-lover.store,2.59,11904016,,,0
canna-seeds.com.ua,2.58,12170206,588457,,1
cultiva.com.ua,2.58,12163746,766176,,1
101matras.ua,2.58,12179097,,,1
aqua-favorit.com.ua,2.58,12078005,,,1
kipr.kiev.ua,2.58,12003433,,,1
alfa-server.com.ua,2.57,12296627,,,1
bag24.com.ua,2.56,12781401,598791,,1
agramant.com,2.56,12882994,,,0
powerup.ua,2.56,12786338,,,1
shambala.com.ua,2.55,13068712,630932,,1
imi.ua,2.55,13152380,784416,,1
arnage.com.ua,2.55,13168643,,,1
babyhoodpolska.pl,2.55,13164605,,,0
erotim.com.ua,2.55,13168649,,,1
fagus.ua,2.55,13164628,,,1
flamingotex.com.ua,2.55,13038847,,,1
housstore.in.ua,2.55,13237428,,,1
khorek.com,2.55,13168617,,,0
loadup.com.ua,2.55,13152122,,,1
melnik-bags.com.ua,2.55,13168654,,,1
miraclekids.com.ua,2.55,13088584,,,1
office-better.com,2.55,12974040,,,0
polyabluka.com,2.55,13168622,,,0
ruvas.ua,2.55,13148538,,,1
serebro.ua,2.55,13119822,,,1
shift.ua,2.55,13200090,,,1
stalevar.ua,2.55,13149147,,,1
tabenergy.com.ua,2.55,13168660,,,1
voblerok.ua,2.55,13149177,,,1
krkr.com.ua,2.54,13548184,572012,933503,1
strikeshop.com.ua,2.54,13316886,823854,,1
wellamart.ua,2.54,13481531,835100,,1
bezpeka.com.ua,2.54,13537996,,,1
safeyourlove.com,2.54,13330673,,,0
sexybra.com.ua,2.54,13310542,,,1
maverick.ua,2.53,13816602,796991,,1
cleanairlove.com,2.53,13897836,,,0
easyvape.net,2.53,13903237,,,0
ergo.place,2.53,13705813,,,0
gummy.com.ua,2.53,13647846,,,1
impact.ua,2.53,13656747,,,1
pro100gym.com.ua,2.53,13625686,,,1
10sotok.com.ua,2.52,14185097,744669,,1
50m.com.ua,2.52,14080586,,,1
dorus.com.ua,2.52,14048104,,,1
healthfit.com.ua,2.52,14173773,,,1
kulturrra.coffee,2.52,14122919,,,0
redprice.sale,2.52,14210992,,,0
saren.com.ua,2.52,14142287,,,1
semtech.com.ua,2.52,14228682,,,1
smartzoo.ua,2.52,14128851,,,1
techon.com.ua,2.52,14154212,,,1
timesport.com.ua,2.52,14227955,,,1
tomdom.in.ua,2.52,14227697,,,1
cyberdream.com.ua,2.51,14262077,,,1
instant.com.ua,2.51,14552745,,,1
piramida24.com.ua,2.51,14451689,,,1
a-radio.com.ua,2.5,14767722,,,1
nexon.ua,2.49,15509591,803571,,1
procosmetix.com.ua,2.49,15418446,,,1
yorick.productions,2.49,15379238,,,0
zaya.ua,2.48,15668710,705838,,1
arp.co.ua,2.48,15694741,,,1
oxidom.com,2.48,15648561,,,0
pxl.ua,2.48,15710264,,,1
a-comms.com.ua,2.47,16348574,,,1
arfen.net.ua,2.47,16244104,,,1
happyelk.com.ua,2.47,16192594,,,1
hroomroom.online,2.47,16245755,,,0
lavra.com,2.47,16413534,,,0
loveyself.com.ua,2.47,16279900,,,1
dsh.com.ua,2.46,16517928,769794,,1
simvolt.ua,2.46,16598173,,,1
idealsport.com.ua,2.45,17505488,599914,,1
gzpt.com.ua,2.45,17483820,780616,,1
pkf-lio.com.ua,2.45,17005517,810085,,1
ballistic.com.ua,2.45,17043782,,,1
biovet.ua,2.45,16915700,,,1
derby.ua,2.45,17141463,,,1
deshevle-net.com.ua,2.45,16826804,,,1
e-k.com.ua,2.45,17261341,,,1
icd.com.ua,2.45,16886031,,,1
kapitan.ua,2.45,16883439,,742254,1
metalbudservice.kiev.ua,2.45,16970853,,,1
moonshine.com.ua,2.45,16902394,,,1
sayyes.com.ua,2.45,17045843,,,1
stemar.com.ua,2.45,17513813,,,1
tsypa.beer,2.45,16937573,,,0
vmiske.ua,2.45,16886577,,,1
bujobox.com.ua,2.44,17547742,760055,,1
shopforcars.in.ua,2.44,17900549,820057,,1
happygaga.com.ua,2.44,17798511,,,1
invafishki.shop,2.44,17683068,,,0
minilook.com.ua,2.44,17516239,,,1
pandatrade.com.ua,2.44,17546609,,,1
veloliga.in.ua,2.44,17981909,,,1
brille.ua,2.43,18153026,530737,481256,1
folkmart.ua,2.43,18206835,775785,,1
prodecor.net.ua,2.43,18140599,812037,,1
airontrade.com.ua,2.43,18346840,,,1
airontrade.ua,2.43,18291966,,,1
bezpeka-veritas.com.ua,2.43,18376502,,,1
chaiq.com.ua,2.43,18140338,,,1
exult.ua,2.43,18290084,,,1
fabrika-comforta.com.ua,2.43,18211092,,,1
hubstore.com.ua,2.43,18028771,,,1
nanoge.store,2.43,18243958,,,0
optom.km.ua,2.43,18244083,,,1
pl.zaya.com.ua,2.43,18413662,,,1
profi-perukar.com.ua,2.43,18194330,,,1
servermall.com.ua,2.43,18033549,,,1
slavles.in.ua,2.43,18140112,,,1
snapt.ua,2.43,18378131,,,1
streetwear.kyiv.ua,2.43,18323260,,,1
termozona.com.ua,2.43,18032276,,,1
torgshop.com.ua,2.43,18250023,,918759,1
vintok.com.ua,2.43,18026802,,,1
yasmin-tex.com.ua,2.43,18244055,,,1
deeply.com.ua,2.42,18978628,767363,,1
hempfactor.ua,2.42,18568040,,,1
poputchik.ua,2.42,18983858,,,1
ptichkinsad.com,2.42,18727528,,,0
avante.com.ua,2.41,19130721,,,1
boltex.com.ua,2.41,19599399,,,1
gsm-ka.com.ua,2.41,19173316,,,1
m-gear.ua,2.41,19113523,,,1
sholomy.arp.co.ua,2.41,19515968,,,1
vino.ua,2.41,19553589,,,1
zalizna-kramnytsia.com,2.41,19391798,,,0
bazaobuvi.com.ua,2.4,19963376,924763,,1
aftactic.com,2.4,20292350,,,0
drone-frames.com.ua,2.4,20239317,,,1
gudzgallery.com,2.4,19829464,,,0
jam-media.com.ua,2.4,20042790,,,1
motoroil24.com.ua,2.4,19714047,,,1
servua.com,2.4,20203248,,,0
sony-playstation.com.ua,2.4,19822311,,,1
sportmarket.net.ua,2.4,19715853,,,1
opt-shkarpetok.com,2.39,20861322,544628,,0
wahagray.com,2.39,20448356,834507,,0
motoplus.com.ua,2.39,21099440,933751,,1
450tactical.com.ua,2.39,21085066,,,1
charovani.store,2.39,20577692,,,0
coine.com.ua,2.39,20911119,,,1
ete.ua,2.39,20487099,,,1
kasandra.ua,2.39,20630984,,,1
kotlant.ua,2.39,20664474,,,1
lamir.ua,2.39,20689887,,,1
lilafit.com.ua,2.39,21119739,,,1
vikno.shop,2.39,21026138,,,0
zfc.in.ua,2.39,20513383,,,1
benzo-pila.in.ua,2.38,21889804,756794,,1
viktailor.com,2.38,21639593,833324,,0
bezpeka.pro,2.38,21947937,,,0
drgritz.com.ua,2.38,21995426,,,1
freedom.ua,2.38,21473395,,,1
gidrotsilindr.com.ua,2.38,21886433,,,1
granulka.ua,2.38,21821220,,,1
ledvis.com.ua,2.38,21978842,,,1
lore-club.com.ua,2.38,21535027,,,1
mamulia.ua,2.38,21332836,,,1
termokruzhki.com.ua,2.38,21551866,,,1
trostyancho.com.ua,2.38,21812523,,,1
truber.com.ua,2.38,21611051,,,1
biotradecosmetics.com,2.37,22068446,,,0
keratinpro.ua,2.37,22354520,,,1
kvolts.com.ua,2.37,22523325,,,1
mjm.com.ua,2.37,22058690,,,1
nikaprof.shop,2.37,22251250,,,0
puzzlean.com.ua,2.37,22146932,,,1
ravisto.ua,2.37,22603445,,,1
ua.1dea.me,2.37,22562489,,,0
uaskyline.com,2.37,22284527,,,0
uazist.com.ua,2.37,22136486,,,1
vitaminpro.com.ua,2.37,22057703,,,1
vitberry.com.ua,2.37,22678112,,,1
beautyhunter.com.ua,2.36,23523466,467104,,1
agroplan.com.ua,2.36,23472258,750415,,1
starmag.in.ua,2.36,23335213,823422,,1
1-viking.com.ua,2.36,23334226,,,1
adara.parts,2.36,23319497,,,0
allpack.biz,2.36,22767022,,,0
blackbike.ua,2.36,22798830,,,1
bonjur.com.ua,2.36,22991405,,,1
gadgethub.com.ua,2.36,23487573,,,1
idilia.ua,2.36,23270909,,,1
joypoint.com.ua,2.36,23335750,,,1
melgo.com.ua,2.36,23423370,,,1
militar.com.ua,2.36,23505483,,,1
pasivka.com.ua,2.36,22869249,,,1
ventalab.ua,2.36,22942173,,,1
ventsgradov.com.ua,2.36,22811282,,,1
zulfiya.ua,2.36,23366070,,,1
moto-motion.com.ua,2.35,24242232,800317,,1
arti.com.ua,2.35,24189074,,,1
brooklynstore.com.ua,2.35,24221126,,,1
healthfit.ua,2.35,24178762,,,1
kviten.in.ua,2.35,23929286,,,1
medovemisto.com,2.35,23979545,,,0
mobvoi.com.ua,2.35,23540246,,,1
myvitamins.com.ua,2.35,23637684,,,1
samokleiky.trade,2.35,23943734,,,0
softmaps.com.ua,2.35,23610805,,,1
we-mart.com,2.35,24192601,,,0
bavovna.team,2.34,24616419,,,0
bearshopua.com,2.34,24844083,,,0
pwmi.lv,2.34,24596481,,,0
restoplus.com.ua,2.34,24565913,,,1
shampura.net,2.34,24860516,,,0
syroman.com.ua,2.34,24391459,,,1
toptok.ua,2.34,24682118,,,1
vetermodels.com,2.34,24849758,,,0
beautysmart.com.ua,2.33,25120081,756482,,1
daddy-store.com.ua,2.33,25031154,766607,,1
a-zoo.com.ua,2.33,25097134,,,1
black-bunny.com.ua,2.33,25236532,,,1
buromax.ua,2.33,25445727,,,1
dushka.ua,2.33,25571131,,,1
forpeopleshop.com,2.33,25000213,,,0
growtek.com.ua,2.33,25032697,,,1
hypesneakershop.com.ua,2.33,25073169,,,1
profplastic.com.ua,2.33,25363476,,,1
samurai-instrument.com.ua,2.33,25506952,,,1
toppers.ua,2.33,25024778,,,1
leo-shop.com.ua,2.32,26156204,203389,,1
comfort-pro.com.ua,2.32,25662464,,,1
gallu.com.ua,2.32,26123933,,,1
headshot.coffee,2.32,25751373,,,0
oku.com.ua,2.32,25703198,,,1
postelka.com.ua,2.32,26087401,,,1
trendytot.store,2.32,26080869,,,0
mobilgroup.com.ua,2.31,26352143,,,1
pkkopt.com.ua,2.31,26715280,,,1
tkagroseeds.com,2.31,26361283,,,0
ukrmedshop.ua,2.31,26289065,,,1
domupakovki.com.ua,2.3,27317607,,,1
forbarber.com,2.3,27358652,,,0
turboparts.ua,2.3,27070697,,,1
asbeautystore.com.ua,2.29,27794573,,,1
consafety.com.ua,2.29,27904200,,,1
gameland.com.ua,2.29,27904642,,780138,1
kashpo.com.ua,2.29,27790660,,,1
petsbro.bg,2.29,27508136,,,0
eurobag.com.ua,2.28,28389169,,,1
fedox.com.ua,2.28,28173811,,,1
melorina.com,2.28,28505268,,,0
nezalezhni.com,2.28,28097423,,,0
phonedepot.com.ua,2.28,28156748,,,1
ptashkatextil.ua,2.28,28155623,,,1
s69.com.ua,2.28,28065678,,,1
techseller.in.ua,2.28,28338354,,,1
brennenstuhl-ukraine.com.ua,2.27,28899066,,,1
dermafirm.com.ua,2.27,28540254,,,1
mi.net.ua,2.27,28719661,,,1
smooha.com.ua,2.27,29043091,,,1
ukrstal.com.ua,2.27,28805897,,,1
listovoymetal.com.ua,2.26,29079090,,,1
stellashop.com.ua,2.26,29761226,,,1
galaxystore.com.ua,2.25,30160899,612178,,1
kwatt.com.ua,2.25,30036479,,,1
lfl3d.com,2.25,29930370,,,0
whirlpool.in.ua,2.25,30344150,,,1
zipstore.com.ua,2.25,29902131,,,1
los-tobacco.com.ua,2.24,30733990,794287,,1
oneplus-shop.com.ua,2.24,30574313,,,1
primeauto.com.ua,2.24,30617679,,,1
remdetali.com.ua,2.24,30788985,,,1
slastic.com,2.24,30838897,,,0
la-torta.ua,2.23,30997119,791773,,1
leobox.ua,2.23,31322294,,,1
liquidacrylic.com.ua,2.23,31219691,,,1
mamynihytroshchi.com.ua,2.23,31038300,,,1
mirok.com.ua,2.23,31291839,,,1
oppo-ukraine.com,2.23,31051290,,,0
superpets.co.ua,2.23,31019008,,,1
wonderland-crafts.com,2.23,31329756,,,0
japantrading.com.ua,2.22,31596186,657689,849046,1
benks.com.ua,2.22,31466901,,,1
condorfishing.com.ua,2.22,31621886,,,1
kartoteka.in.ua,2.22,32004181,,,1
kzpo.com.ua,2.22,31713284,,,1
sladosvit.com,2.22,31763392,,,0
avtomoda.com.ua,2.21,32120308,,,1
brizoll.com,2.21,32078111,,,0
diamantpol.com.ua,2.21,32593638,,,1
dimtepla.com.ua,2.21,32365355,,,1
europotolok.kyiv.ua,2.21,32131567,,,1
haircosmetics.com.ua,2.21,32853647,,,1
kbvp.shop,2.21,32475360,,,0
lavel.com.ua,2.21,32532865,,,1
mriya-home.com.ua,2.21,32872801,,,1
nerdik.club,2.21,32181064,,,0
poco.com.ua,2.21,32165575,,,1
realme-ukraine.com,2.21,32294148,,,0
signs-store.com,2.21,32176931,,,0
sleepcare.ua,2.21,32849136,,,1
topove.com,2.21,32178850,,,0
tusk.ua,2.21,32662643,,,1
yulashop.com.ua,2.21,32293662,,,1
zipup.com.ua,2.21,32102746,,,1
armeyka.ua,2.2,33088762,753465,,1
bestfloor.com.ua,2.2,33050595,,,1
domel.com.ua,2.2,33246410,,,1
kultura.coffee,2.2,32942212,,,0
likargood.com.ua,2.2,33519554,,,1
mhw3bomber.com.ua,2.2,33604924,,,1
osome.ua,2.2,32947632,,,1
outfitstore.com.ua,2.2,33090274,,,1
traverse.com.ua,2.2,33074381,,,1
trikita.com.ua,2.2,33575268,,,1
ukostra.ua,2.2,33526646,,,1
zaragoza.com.ua,2.19,33967760,838457,,1
ash-mobile.com.ua,2.19,34166553,,,1
ast-group.in.ua,2.19,34371699,,,1
brickstore.com.ua,2.19,34134581,,,1
eurosegment.com.ua,2.19,34509814,,,1
fenix-market.com,2.19,34366815,,,0
gradient.ua,2.19,34517496,,,1
grassnature.com,2.19,34341600,,,0
kima.ua,2.19,34823829,,,1
nika-auto.com,2.19,34513714,,,0
petropolis.com.ua,2.19,34070076,,,1
proextreem.com.ua,2.19,34826608,,,1
sportigra.com.ua,2.19,34056723,,,1
tiandy.com.ua,2.19,34367049,,,1
vr-store.com.ua,2.19,34369491,,,1
euroservis.com.ua,2.18,35539478,597725,,1
artled.com.ua,2.18,36247047,,,1
belsta.ua,2.18,35250526,,,1
container.beauty,2.18,36025920,,,0
cuplus.com.ua,2.18,35761558,,,1
dmprint.store,2.18,35396660,,,0
edem.dp.ua,2.18,35654376,,,1
eniki.com.ua,2.18,35077099,,,1
r202x.com,2.18,36204403,,,0
svlavra.com,2.18,36326606,,,0
tehnomix.com.ua,2.17,37108934,401867,,1
activeshop.com.ua,2.17,36543927,,,1
artellshoes.com,2.17,36558769,,,0
controllers.com.ua,2.17,37243002,,,1
deligroup.com.ua,2.17,37243003,,,1
dyvoson.com,2.17,37239372,,,0
fishboat.com.ua,2.17,38341457,,,1
knigi-na-balke.com,2.17,37349641,,,0
meatlover.com.ua,2.17,37694969,,,1
riksi.ua,2.17,38002123,,,1
rozental.farm,2.17,38193624,,,0
shpalta.shop,2.17,36806216,,,0
specovka.in.ua,2.17,38245442,,,1
tabachok.com.ua,2.17,37520677,,,1
tobitreba.com.ua,2.17,38258088,,,1
vasylkivske-rancho.ua,2.17,36611057,,,1
zoloteryno.com.ua,2.17,37115494,,,1
cartonic.com.ua,2.16,39658469,,,1
ls2.com.ua,2.16,39227177,,,1
magic-number.com.ua,2.16,39654720,,,1
mobistyle.ua,2.16,39777491,,,1
omnishop.com.ua,2.16,39444944,,,1
rekuperator.in.ua,2.16,38576649,,,1
tokio.com.ua,2.16,39778254,,,1
wellstore.com.ua,2.16,38830233,,,1
box24.com.ua,2.15,40167683,598909,,1
loco.in.ua,2.15,40179314,793972,,1
antpower.com.ua,2.15,40662820,,,1
elektrokraken.com,2.15,40662339,,,0
ezzyy.com.ua,2.15,40662825,,,1
istochnik.com.ua,2.15,40662828,,,1
kum.com.ua,2.15,39917776,,,1
limaso.ua,2.15,40689639,,,1
m-teh.com.ua,2.15,40662831,,,1
salespot.com.ua,2.15,40662293,,,1
tyaga.kyiv.ua,2.15,40557474,,,1
ua-coins.com.ua,2.15,40295137,,,1
yas-poltava.com,2.15,40868853,,,0
catorange.ua,2.14,42230300,,,1
dospehi.com.ua,2.14,42199472,,,1
skinel.com.ua,2.14,42390102,,,1
elinharness.com.ua,2.13,42535697,,,1
keratin.pro,2.13,42446189,,,0
smakotti.com,2.13,42487326,,,0
top-posuda.com,2.13,42485316,,,0
dsn.ua,2.12,42811086,769805,,1
vs-market.net,2.12,42727275,834188,,0
apple-people.com.ua,2.12,42842096,,,1
bartrigger.com.ua,2.12,42770831,,,1
dikoros-ua.com,2.12,42715458,,,0
ddbi.com.ua,2.11,42935618,,,1
intboard-ukraine.com,2.11,43177628,,,0
skyfarb.com,2.11,42972223,,,0
tokatta.com.ua,2.11,43114028,,,1
elektrokonyk.com.ua,2.1,43480338,,,1
frigom.com.ua,2.1,43612188,,,1
gtm.co.ua,2.1,43572829,,,1
pinguin-sport.com.ua,2.1,43758276,,,1
praktica.com.ua,2.1,43510653,,,1
primavision.online,2.1,43662294,,,0
tatkoplay.store,2.1,43663783,,,0
avtoday.com.ua,2.09,44243189,,,1
gazobloki.com.ua,2.09,44247820,,,1
metshop.com.ua,2.09,44192336,,,1
krauff.store,2.08,44397338,791158,,0
feelpower.com.ua,2.07,44625584,,,1
powerness.com.ua,2.07,44553853,,,1
asianbeautyandhealth.com,2.06,44873220,,,0
roomy.in.ua,2.06,44870365,,,1
vaped.com.ua,2.06,44723027,,,1
advent.com.ua,2.05,45102149,,,1
ivoltinvest.com.ua,2.05,45127028,,,1
sunterm.com.ua,2.05,45001565,,,1
vention.com.ua,2.05,45014001,,,1
green-edem.com.ua,2.04,45302038,779882,,1
sea-audio.com.ua,2.04,45315647,,,1
tishotka.com.ua,2.04,45195877,,,1
zigzagsolutions.com.ua,2.04,45325737,,,1
ddwonder.com.ua,2.03,45542813,,,1
flagberry.ua,2.03,45476189,,,1
krayinakorsetiv.com.ua,2.03,45480026,,,1
ashka.com.ua,2.02,45617257,,,1
canapteka.ua,2.02,45672130,,,1
kolo-grybiv.shop,2.02,45736253,,,0
lazertac.com.ua,2.02,45615496,,,1
progressteel.com.ua,2.02,45660961,,,1
shopi-game.com,2.02,45651503,,,0
cable-ok.com.ua,2.01,45916625,760626,,1
goodbaking.pro,2.01,45788227,,,0
latakva.com.ua,2.01,46038882,,,1
prodrone.com.ua,2.01,45972559,,,1
solar-volt.com.ua,2.01,46034592,,,1
elektro-aktiv.com,2,46164324,,,0
flyshop.com.ua,2,46264935,,,1
igroteco.com.ua,2,46197174,,,1
lakor.ua,2,46161540,,,1
m-g.com.ua,2,46125946,,482058,1
printec.com.ua,2,46104767,,,1
coil.com.ua,1.99,46363385,,,1
inparfume.com,1.99,46273814,,,0
meeteorabeauty.eu,1.99,46479036,,,0
decor-shop.com.ua,1.98,46644327,,,1
magazininstrumenta.com.ua,1.98,46499506,,,1
metabo.net.ua,1.98,46511170,,,1
holland.one,1.97,46789702,,,0
yuka.ua,1.97,47002702,,,1
blackout-shop.com.ua,1.96,47187654,758396,,1
aloevera.com.ua,1.96,47199500,,,1
chaskrasy.com,1.96,47154139,,,0
foodsup.ua,1.96,47189231,,,1
hecht.ua,1.96,47163998,,,1
hotpick.com.ua,1.96,47100234,,,1
livehealthy.com.ua,1.96,47230521,,,1
mediccosmetik.com.ua,1.96,47211692,,,1
sdc.ua,1.96,47145252,,,1
alanakosmetiks.com.ua,1.95,47421882,,,1
e-motors.com.ua,1.95,47437135,,,1
ecohealth.com.ua,1.95,47717186,,,1
grandorf.ua,1.95,47718878,,,1
js-aesthetics.com.ua,1.95,47716065,,,1
opt-sport.com.ua,1.95,47361376,,,1
dimparfum.com.ua,1.94,47758824,,,1
epic3d.com.ua,1.94,48684391,,,1
fpower.com.ua,1.94,47743321,,,1
gluta.com.ua,1.94,47744445,,,1
jojoba.com.ua,1.94,47748006,,,1
mybilok.com,1.94,47740188,,,0
shurymury.ua,1.94,47954543,,,1
svitauto.od.ua,1.94,47783293,,,1
to-bi.com.ua,1.94,47925749,,,1
vikkystyle.com,1.94,47875843,,,0
babyki.ua,1.93,49099824,,,1
postelok.com.ua,1.93,51123401,,,1
agro-f.com,1.92,53075258,,,0
gold-tobacco.com.ua,1.92,53310091,,,1
krakenshop.net.ua,1.92,52974935,,,1
beri.ua,1.91,53638402,756830,,1
365store.com.ua,1.91,54011076,,,1
beautybell.com.ua,1.91,54041230,,,1
label-shop.com.ua,1.91,53841327,,,1
m-win.com.ua,1.91,53637292,,,1
strike.com.ua,1.91,53836297,,,1
450tactical.com,1.9,54413607,,,0
451book.com,1.9,54204824,,,0
1zbv.com,1.89,56132154,,,0
24enduro.com.ua,1.89,60426408,,,1
2control.pro,1.89,54547206,,,0
4gadget.com.ua,1.89,60426554,,,1
4pm.in.ua,1.89,60426854,,,1
545style.com,1.89,57256956,,,0
8ruk.com,1.89,58234488,,,0
domino-opt.com.ua,1.89,61273001,,,1
pxl.com.ua,1.89,61241898,,,1
veloband.com.ua,1.89,61288398,,,1
vl-lingerie.com.ua,1.89,61225638,,,1
basefurniture.com.ua,1.88,61772303,,,1
underline.com.ua,1.88,61825464,,,1
forauto.com.ua,1.87,62161993,,,1
d-fortis.com.ua,1.86,62810216,,,1
kluczi.com.ua,1.86,62808890,,,1
spaceylon.com.ua,1.86,62849721,,,1
velotrack.com.ua,1.86,62669955,,,1
agnia.com.ua,1.85,63453240,,,1
ecoloft.com.ua,1.85,63017143,,,1
kram-market.com.ua,1.85,63393866,,,1
pikasso.com.ua,1.85,63057038,,,1
svn.kiev.ua,1.85,63393873,,,1
drive-parts.com.ua,1.84,65672533,,,1
laminat-parket.net,1.84,65662194,,,0
nebonashe.com.ua,1.84,65632631,,,1
robinzon-ua.com.ua,1.84,65586445,,,1
soho-perfume.com,1.84,63717079,,,0
craftprize.com.ua,1.83,65861857,,,1
bbclub.ua,1.8,68783458,,,1
buno.com.ua,1.8,69076774,,,1
gstore.ua,1.8,68772120,,,1
restro.com.ua,1.8,69042610,,,1
svit-chaju.ua,1.8,68833454,,,1
tacticalkit.com.ua,1.8,68954886,,,1
coffee-service.in.ua,1.79,69510209,,,1
novabud.com.ua,1.79,69226160,,,1
sontex.com.ua,1.79,69318912,,,1
teysha.com.ua,1.78,69829964,826824,,1
slice.biz.ua,1.78,69632888,,,1
spielew.com.ua,1.78,69907882,,,1
ircom.in.ua,1.77,70045615,,,1
krokwood.com,1.77,70196179,,,0
lander.kiev.ua,1.77,70324959,,,1
my-beer.com.ua,1.77,70094530,,,1
zookrugshop.com.ua,1.77,70040768,,,1
homest.com.ua,1.76,70566795,782617,,1
bike-market.com.ua,1.76,70647607,,,1
chystaizha.com,1.76,70660065,,,0
keramamix.com.ua,1.76,70423791,,,1
safes-shop.com.ua,1.76,70492507,,,1
babachok.com.ua,1.75,71175389,,,1
glance.ua,1.75,71207638,,,1
panfermer.com.ua,1.75,70952884,,,1
tealeaf.com.ua,1.75,71107464,,,1
tramp.ua,1.75,71184438,,,1
wrestling.ua,1.75,71077959,,,1
zooshopik.com.ua,1.75,70852017,,,1
fortunacigars.com.ua,1.74,71319770,776026,,1
blankets.com.ua,1.74,71575037,,,1
energyua.com.ua,1.74,71364682,,,1
liqui-moly.com.ua,1.74,71311479,,,1
medbaza.com.ua,1.74,71683783,,,1
ofkross.com.ua,1.74,71389805,,,1
axent-shop.com.ua,1.73,71976828,,,1
bag-bag.com.ua,1.73,71703605,,,1
capital-production.pl,1.73,71815377,,,0
drceuracle.com.ua,1.73,71972921,,,1
greenhome.in.ua,1.73,71865436,,,1
leti.com.ua,1.73,71923833,,,1
security-home.com.ua,1.73,71776906,,,1
bar-service.club,1.72,72409612,,,0
binary.com.ua,1.72,72395422,,,1
etsenergy.store,1.72,72175957,,,0
everest-centre.com.ua,1.72,72159620,,,1
miroshka.zt.ua,1.72,72261780,,,1
safe-lviv.com.ua,1.72,72439031,,,1
sincera.ua,1.72,72243782,,,1
squitter.ua,1.72,72638454,,,1
angar7.com,1.71,72826806,,,0
bncosmetics.com.ua,1.71,73104946,,,1
booster-lift.eu,1.71,72724253,,,0
fitocentr.com.ua,1.71,72682819,,,1
get-app.com.ua,1.71,73132821,,,1
krokk.com.ua,1.71,73213303,,,1
malva-dreams.com.ua,1.71,72956001,,,1
svyatovhatu.com.ua,1.71,73024357,,,1
truenutrition.com.ua,1.71,73123278,,,1
v-a.com.ua,1.71,73156057,,,1
hantengry.com.ua,1.7,73885280,,,1
nutraxin.com.ua,1.7,73423796,,,1
teplofrank.com.ua,1.7,73508025,,,1
beelab.ua,1.69,74223674,674512,,1
agroassistance.com,1.69,74418654,,,0
fakir.com.ua,1.69,74017518,,,1
mimare.com.ua,1.69,74418587,,,1
miros.ua,1.69,74482686,,,1
spacefood.com.ua,1.69,74092302,,,1
woman-in-book.com,1.69,74498657,,,0
motolux.ua,1.68,74874398,684105,,1
bavkatoys.com,1.68,74717107,,,0
dstrade.ua,1.68,74780845,,,1
kyset.com.ua,1.68,74623797,,,1
morebooks.com.ua,1.68,75001591,,,1
tarpan.org.ua,1.68,75010953,,,1
uatac.tech,1.68,74884380,,,0
alad.in.ua,1.67,75250350,,,1
dott.com.ua,1.67,75159507,,,1
jcb-tool.com.ua,1.67,75097531,,,1
kindlytech.com.ua,1.67,75102297,,,1
mushroomplace.com.ua,1.67,75042352,,,1
purr.ua,1.67,75186012,,,1
sea-breeze.ua,1.67,75289392,,,1
tamtoys.com.ua,1.67,75104654,,,1
willo.com.ua,1.67,75366291,,,1
worldanimal.com.ua,1.67,75405032,,,1
bigharvest.com.ua,1.66,75852870,,,1
garminy.com.ua,1.66,75866559,,,1
navkolo-eco.com.ua,1.66,75794308,,,1
viskom.com.ua,1.66,76133089,,,1
aries.top,1.65,76472000,,,0
perseus.com.ua,1.65,76826525,,,1
premiersocks.com.ua,1.65,76366977,,,1
robinzon.in.ua,1.65,76847977,,,1
rugone.com.ua,1.65,76788160,,,1
uzvmarket.com.ua,1.65,76784229,,,1
nutsbox.ua,1.64,77370025,804885,,1
acsparts.biz,1.64,77269600,,,0
ahimsa.in.ua,1.64,77220089,,,1
airplus.com.ua,1.64,77439179,,,1
appexpert.ua,1.64,77320679,,,1
atributmold.com,1.64,77170303,,,0
baglandopt.com.ua,1.64,77116718,,,1
bijboom-opt.com.ua,1.64,77439187,,,1
canary.com.ua,1.64,77439193,,,1
ctr.ua,1.64,77439303,,,1
cyberstore.com.ua,1.64,77439198,,,1
decorritualservice.com,1.64,77439062,,,0
dmt.in.ua,1.64,77439319,,,1
domas.net.ua,1.64,77376739,,,1
elektrihka.com.ua,1.64,77439204,,,1
esllse.shop,1.64,77439158,,,0
evenflo.info,1.64,77072442,,,0
flex-gel.com.ua,1.64,77439209,,,1
gridmax.com.ua,1.64,77439216,,,1
grovers.com.ua,1.64,77437363,,,1
hibrand.com.ua,1.64,77439218,,,1
hibrand1.com.ua,1.64,77439081,,,1
hot-tools.com.ua,1.64,77406238,,,1
imperia-horeca.com.ua,1.64,77439222,,,1
italtek.ua,1.64,77439332,,,1
kidzaza.com.ua,1.64,77342074,,,1
koloco.com.ua,1.64,77438495,,,1
kote.com.ua,1.64,77439054,,,1
kupizamok.ua,1.64,77439336,,,1
lotusflower.com.ua,1.64,77439230,,,1
marketingmercury.com.ua,1.64,77019482,,,1
merle.ua,1.64,77135659,,,1
modnemisto.ua,1.64,77439339,,,1
motohill.pl,1.64,77376625,,,0
mt.org.ua,1.64,77439354,,,1
panzoo.com.ua,1.64,77171352,,,1
postarfish.com.ua,1.64,77416450,,,1
prorazko.com,1.64,77439119,,,0
protatami.shop,1.64,77439162,,,0
rainbowcraftwork.com.ua,1.64,77439263,,,1
rescueready.com.ua,1.64,77438990,,,1
sinart.me,1.64,77439143,,,0
smartzoo.in.ua,1.64,77337817,,,1
so-nytech.com.ua,1.64,77439271,,,1
solyashop.com.ua,1.64,77439031,,,1
tech.com.ua,1.64,77439278,,,1
tesmobili.shop,1.64,77439165,,,0
timberplayua.com,1.64,77439130,,,0
todlib2b.com.ua,1.64,77427622,,,1
vitplast.com.ua,1.64,77438699,,,1
wayzip.in.ua,1.64,77439328,,,1
wbs.org.ua,1.64,77159721,,,1
weeks.store,1.64,77439168,,,0
wishlist.kyiv.ua,1.64,77432163,,,1
bibo.com.ua,1.63,77847131,,,1
bude.top,1.63,77931645,,,0
fabiano.com.ua,1.63,78034918,,,1
meblivka.com.ua,1.63,77950204,,,1
prof-star.com.ua,1.63,77978907,,,1
twomoms.com.ua,1.63,77634166,,,1
grosser.com.ua,1.62,78240917,780010,,1
charge2go.ua,1.62,78312674,,,1
colorterarita.com,1.62,78327124,,,0
euroshrot.com.ua,1.62,78286697,,,1
ledmark-design.com.ua,1.62,78312720,,,1
yes-ogorod.com.ua,1.62,78312728,,,1
c4l.com.ua,1.61,79169231,,,1
glovehub.com.ua,1.61,79169437,,,1
green-optima.com.ua,1.61,79025812,,,1
pearl.com.ua,1.61,79099004,,,1
primeauto-eu.com,1.61,79100123,,,0
senci.com.ua,1.61,79105390,,,1
simple-art.com.ua,1.61,78787101,,,1
tviyhid.com.ua,1.61,79131885,,,1
your-new-life.com.ua,1.61,79163696,,,1
ambit-s.shop,1.6,79511182,,,0
biotechimpulse.com.ua,1.6,79303036,,,1
brustyle.com.ua,1.6,79662310,,,1
gregorymill.com.ua,1.6,79690542,,,1
hillary.com.ua,1.6,79207672,,,1
platongold.com.ua,1.6,79223764,,,1
siluetspirit.com.ua,1.6,79285886,,,1
veles-shop.com.ua,1.6,79511228,,,1
voltinvest.com.ua,1.6,79510688,,,1
decomo.com.ua,1.59,80065893,,,1
dtr.kiev.ua,1.59,80079784,,,1
sewel.com.ua,1.59,80297440,,,1
strongvape.com.ua,1.59,80242201,,,1
tubik.in.ua,1.59,79959051,,,1
vtopi.com.ua,1.59,80281554,,,1
wantedwool.com,1.59,79739484,,,0
boschtools.com.ua,1.58,80800274,,,1
latarte.com.ua,1.58,80541649,,,1
motoua.com.ua,1.58,80504050,,,1
pereval.org.ua,1.58,80647551,,,1
vent-ustriy.com.ua,1.58,80507069,,,1
beleon.com.ua,1.57,81004229,,,1
caseyou.com.ua,1.57,81079920,,,1
escapist.com.ua,1.57,81452639,,,1
kapibara.org.ua,1.57,81294192,,,1
sea-tm.com.ua,1.57,81050262,,,1
frizlab.pl,1.56,81708353,,,0
isweet.com.ua,1.56,81769475,,,1
korobky.com.ua,1.56,81580707,,,1
naturalno.com.ua,1.56,81731009,,,1
total-energo.com.ua,1.56,81569937,,,1
altekmebel.bg,1.55,82400709,,,0
babelaboratorios.pl,1.55,82485082,,,0
breadtradition.com,1.55,82485042,,,0
delok.com.ua,1.55,82034506,,,1
expert-market.com.ua,1.55,82330835,,,1
fgt.tools,1.55,82178722,,,0
gastrooma.eu,1.55,82285390,,,0
global.berlous.com,1.55,82322378,,,0
i-loft-you.com.ua,1.55,82293408,,,1
kvanto.com.ua,1.55,82361565,,,1
lumpurini.com.ua,1.55,82520415,,,1
np1.com.ua,1.55,82406922,,,1
odivator.com,1.55,82485059,,,0
pelletmarket.shop,1.55,82485088,,,0
shopmod.kiev.ua,1.55,82059041,,,1
vetmark.shop,1.55,82485089,,,0
divertito.com.ua,1.54,82838999,,,1
starttobacco.net,1.54,83204130,,,0
hozdom.com,1.53,83389663,612308,,0
arhibis.net,1.52,84279581,753375,,0
oneshot.com.ua,1.52,84173550,806000,,1
greenfish.com.ua,1.52,84011172,,,1
lady-shop.com.ua,1.52,84072767,,,1
loncin.net.ua,1.52,84108244,,,1
safe.kharkov.ua,1.52,83974417,,,1
sportdog.com.ua,1.52,84232913,,,1
dreams.global,1.51,84900971,,,0
frontgift.com.ua,1.51,84958552,,,1
med.lviv.ua,1.51,84660220,,,1
oxyboom.com.ua,1.51,84902675,,,1
reload.ua,1.51,84471669,,,1
uni-t.com.ua,1.51,84578637,,,1
dobradacha.com.ua,1.5,85304777,,,1
more-doma.com.ua,1.5,85242860,,,1
surkoff.com.ua,1.5,85923347,,,1
creatie.com.ua,1.49,86308126,,,1
elektroslon.com.ua,1.49,86369148,,,1
levanhome.com.ua,1.49,86740256,,,1
alfa-glass.com.ua,1.48,87065947,,,1
hifisalon.com.ua,1.48,88742906,,,1
oneonone.com.ua,1.48,88584291,,,1
torgoblservice.shop,1.48,88248242,,,0
ua.axioma.energy,1.48,88683097,,,0
booksity.net.ua,1.47,89236622,,,1
expert-24.com.ua,1.47,89270916,,,1
timeless.com.ua,1.47,89218531,,,1
topnasinnya.com.ua,1.47,89647245,,,1
verbshop.com.ua,1.47,89518543,,,1
dekamotors.com.ua,1.46,89761887,,,1
laine.com.ua,1.46,89952181,,,1
nutrigem.md,1.46,90018571,,,0
ortosan.com.ua,1.46,89810926,,,1
scoober.com.ua,1.46,89918414,,,1
thermolux.com.ua,1.46,90100904,,,1
freeki.ua,1.45,91215485,,,1
medeuroexpress.com,1.45,90715542,,,0
vusa.org.ua,1.45,90482303,,,1
zepline.in.ua,1.45,90659603,,,1
mykite.kiev.ua,1.44,91660304,801865,,1
cooperr.com.ua,1.44,91801010,,,1
fit-win.com.ua,1.44,91815312,,,1
houseofsocks.com.ua,1.44,91496419,,,1
khors.store,1.44,91628747,,,0
manipulator.shop,1.44,91498912,,,0
polygonx.com.ua,1.44,91752448,,,1
ryativnyk.com.ua,1.44,91242126,,,1
dekey.com.ua,1.43,92059952,,,1
e-skfashion.ua,1.43,92059956,,,1
malecha.co.ua,1.42,92676413,,,1
repsol.com.ua,1.42,93029448,,,1
space-power.top,1.42,93041353,,,0
streetsoup.com.ua,1.42,93100007,,,1
svit-santehniki.com.ua,1.42,93087821,,,1
urozhay-agro.com,1.42,93065327,,,0
crawtec.com,1.41,93998669,,,0
e-provisor.com,1.41,93759414,,,0
intimbutik.com.ua,1.41,93938815,,,1
s2s-vision.com,1.41,93666356,,,0
storyscript.com.ua,1.41,93997396,,,1
sviatkovyi.com.ua,1.41,93594547,,,1
tato.org.ua,1.41,93401076,,,1
v-zoo.com.ua,1.41,93928702,,,1
caloriefan.com,1.4,94090263,,,0
geekach.ro,1.4,94599882,,,0
ilovevictoria.com.ua,1.4,94094519,,,1
lriker.ua,1.4,94741386,,,1
psibooks.com.ua,1.4,94494316,,,1
dentservice.com.ua,1.39,95038341,,,1
dyvooo.com.ua,1.39,95034845,,,1
stezhka.com.ua,1.39,95617650,,,1
electrity.com.ua,1.38,96083224,,,1
gruzfishdnipro.com.ua,1.38,96081366,,,1
talantbooks.com.ua,1.38,96002093,,,1
vyalenaryba.com.ua,1.38,95846546,,,1
m-i-r.com.ua,1.37,96592447,,,1
md.brazil-prof.com,1.37,96858013,,,0
recare.com.ua,1.37,96531814,,,1
sumkivroddom.com.ua,1.37,97401384,,,1
tink.ua,1.37,96531816,,,1
catpaws.com.ua,1.36,98117218,,,1
elektroteplo.com,1.36,97601008,,,0
fruit-boutique.com.ua,1.36,98221403,,,1
nays.com.ua,1.36,97644526,,,1
yapicasso.com.ua,1.36,97747518,,,1
bestlavka.com,1.35,99396323,,,0
bloomtech.com.ua,1.35,98387566,,,1
marshall-audio.com.ua,1.35,98841308,,,1
scatshop.in.ua,1.35,98585568,,,1
svitsvitla.com.ua,1.35,98801529,,,1
blokmarket.com,1.34,100216535,,,0
politeh.biz,1.34,99630670,,,0
tacticua.com.ua,1.34,99978714,,,1
tuut.com.ua,1.34,99419949,,,1
clicklit.store,1.33,100595605,,,0
expertsecurity.md,1.33,100419423,,,0
gidroterm-prom.com.ua,1.33,100490424,,,1
ovo-project.com.ua,1.33,100904326,,,1
ukr-sun.com,1.33,100858248,,,0
cimio.com.ua,1.32,101109694,,,1
funlove.com.ua,1.32,101647473,,,1
grinvud.kiev.ua,1.32,102314908,,,1
neman-mebel.com,1.32,102296040,,,0
orangekitsune.com.ua,1.32,101494795,,,1
quattro.shop,1.32,101877830,,,0
saphir.ua,1.32,101151707,,,1
secretdelivery.com.ua,1.32,101647610,,,1
velet.com.ua,1.32,101374478,,,1
wintera.com.ua,1.32,102134815,,,1
appiclean.com.ua,1.31,105648186,,,1
bilchenyatko.com.ua,1.31,105550450,,,1
hotelservice.com.ua,1.31,105550240,,,1
korisnigadgeti.com.ua,1.31,105550456,,,1
morpheus.com.ua,1.31,103643088,,,1
starlineshop.com.ua,1.31,105550461,,,1
ti-re4i.com,1.31,105550428,,,0
tochilka.com.ua,1.31,105550385,,,1
ultradim.com.ua,1.31,105550466,,,1
beelab.com.ua,1.3,105703809,,,1
biolife.kiev.ua,1.3,106396307,,,1
blumenshop.com.ua,1.3,106550918,,,1
dari-store.com.ua,1.3,105800666,,,1
genergo.com.ua,1.3,105782458,,,1
pancocos.com.ua,1.3,105800721,,,1
robinzone.ua,1.3,105800798,,,1
ukrprogres.com,1.3,105926501,,,0
zayahair.pl,1.3,106180377,,,0
zeus-game.ua,1.3,106355009,,,1
gryadka.in.ua,1.29,107059851,780193,,1
kts.com.ua,1.29,107202118,,,1
appleworld.ua,1.28,107938236,,,1
gastropartner.ua,1.28,107903788,,,1
medhero.com.ua,1.28,107673478,,,1
profivac.com.ua,1.28,108012563,,,1
puzzlenge.com.ua,1.28,107904049,,,1
topmeble.com.ua,1.28,108935010,,,1
bycongrp.co.ua,1.27,110072561,,,1
home-servise.com.ua,1.27,110045698,,,1
medrix.com.ua,1.27,109629334,,,1
period.com.ua,1.27,110368718,,,1
redpower.com.ua,1.27,110234438,,,1
uasignal.com.ua,1.27,110181884,,,1
voguey.shop,1.27,109673148,,,0
aqua-vital.com.ua,1.26,111348680,,,1
loqui.com.ua,1.26,110738747,,,1
maroda.com.ua,1.26,110879309,,,1
matras-sklad.in.ua,1.26,110818711,,,1
polyabluka.ua,1.26,110879312,,,1
raktar.com.ua,1.26,110743142,,,1
zayahair.com,1.26,111125461,,,0
karma-baskerville.pl,1.25,112229640,,,0
sangig.shop,1.25,112146990,,,0
zalizo.in.ua,1.25,111854622,,,1
eavtonomka.com,1.24,112838834,,,0
in-style.com.ua,1.24,112668488,,,1
kapuni.shop,1.24,113247679,,,0
kovdra.com.ua,1.24,112707575,,,1
legko-sad.com.ua,1.24,112401705,,,1
postel-market.com,1.24,112913130,,,0
securitylab.com.ua,1.24,112736638,,,1
tatonka.com.ua,1.24,112701008,,,1
technikaplace.com.ua,1.24,113022523,,,1
vulpes.com.ua,1.24,112883090,,,1
bolove.com.ua,1.23,113840445,,,1
solmaz.com.ua,1.22,115065744,726821,,1
charge2go.com.ua,1.22,114580160,,,1
jubi.ua,1.22,115092707,,,1
koufukunainu.com,1.22,114964627,,,0
pro-konditer.com.ua,1.22,115073854,,,1
service-pack.kiev.ua,1.22,114813987,,,1
konabikes.com.ua,1.21,115621233,,,1
on-device.com.ua,1.21,115314258,,,1
prime-parket.com.ua,1.21,115289574,,,1
teknosel.in.ua,1.21,115885718,,,1
fishdrink.com.ua,1.2,116915154,599556,,1
budservis.top,1.2,116764338,,,0
decozamoms.com,1.2,117015772,,,0
icl.in.ua,1.2,116775335,,,1
osnastka.kyiv.ua,1.2,116392013,,,1
pidlogavdim.com.ua,1.2,116894084,,,1
separator.com.ua,1.2,117117846,,,1
b2b.idealsport.com.ua,1.19,117792116,,,1
luxurylinens.ua,1.19,118673106,,,1
shower-room.com.ua,1.19,119459174,,,1
veloliga.com.ua,1.19,118501127,,,1
zoochill.com.ua,1.19,118469177,,,1
adarafashion.com,1.18,120932936,,,0
hata-maistra.com.ua,1.18,120619508,,,1
mirid.ua,1.18,119601952,,,1
domeshop.com.ua,1.17,121917019,,,1
dry-towel.com.ua,1.17,122345611,,,1
ilma.com.ua,1.17,121917020,,,1
nanosvit.com,1.17,121998264,,,0
stilbudmarket.com.ua,1.17,122116625,,,1
topdom.in.ua,1.17,121914316,,,1
agrodana.com.ua,1.16,123110319,,,1
delaemvorota.com.ua,1.16,123233582,,,1
ikradim.com.ua,1.16,123342155,,,1
kraschiknygi.com,1.16,122811686,,,0
nika-electro.com.ua,1.16,123065260,,,1
thermotrade.com.ua,1.16,123658264,,,1
auraskin.com.ua,1.15,124360791,,,1
barber-store.com.ua,1.15,124832567,,,1
keratinpro.pl,1.15,124049631,,,0
lovelybookstore.com.ua,1.15,123909850,,,1
nisima.ua,1.15,124952790,,,1
novacon.com.ua,1.15,124028877,,,1
3dwayshop.com.ua,1.14,125608814,,,1
clad.in.ua,1.14,125439485,,,1
inter.if.ua,1.14,125146156,,,1
joypoint.ua,1.14,126235812,,,1
olly-shop.com.ua,1.14,125866277,,,1
ravistobloom.com,1.14,125435240,,,0
roks.org.ua,1.14,126430607,,,1
silikoni.com.ua,1.14,126375209,,,1
tviymacbook.com,1.14,125482990,,,0
vsetak.com.ua,1.14,126206264,,,1
bootsvaga.com,1.13,127562806,759157,,0
bios.com.ua,1.13,126864368,,,1
darochka.shop,1.13,127871442,,,0
hazardous.com.ua,1.13,127770108,,,1
zapalyizatyshok.com.ua,1.13,127871448,,,1
alegria.com.ua,1.12,128175485,,,1
antena.md,1.12,129048752,,,0
atmolight.com.ua,1.12,129048671,,,1
capsula.best,1.12,128232102,,,0
mrshampur.com,1.12,127931241,,,0
underwu.com.ua,1.12,129244301,,,1
gardenlux.com.ua,1.11,129984461,,,1
krasolia.ua,1.11,129899726,,,1
macon.sale,1.11,130257370,,,0
oneplus.pro,1.11,130070528,,,0
profibenzo.com.ua,1.11,129984464,,,1
smarttel.ua,1.11,129351628,,,1
belker.com.ua,1.1,130966734,,,1
motomarket.ua,1.1,130674732,,,1
tehnoterm.md,1.1,131091191,,,0
halmar.kiev.ua,1.09,132206368,,,1
revolt-tools.com.ua,1.09,133371512,,,1
anser.in.ua,1.07,134505013,752514,,1
agrosyla.com.ua,1.07,134186035,923596,,1
kostastore.com,1.07,134388945,,,0
kvitka-distribution.com.ua,1.07,134642167,,,1
banknotes.zp.ua,1.06,135267208,,,1
hott.com.ua,1.06,135040120,,,1
mriya.agency,1.06,135230234,,,0
naftalan.group,1.06,134878572,,,0
profipas.com.ua,1.06,135315257,,,1
megstore.com.ua,1.05,135877956,797858,,1
antiquesfactory.net,1.05,135877939,,,0
juicybeauty.com.ua,1.05,135745827,,,1
shop.sladosvit.com,1.05,135812827,,,0
stop-trend.com.ua,1.05,135877958,,,1
topiki-shop.com.ua,1.05,135877959,,,1
tradeone.com.ua,1.05,135978627,,,1
sailbox.in.ua,1.04,136147045,,,1
tehsys.com.ua,1.04,136383335,,,1
triton-ua.com,1.04,137004529,,,0
doublehitshop.com,1.03,138045426,,,0
fabrika-matrasiv.kiev.ua,1.03,137889708,,,1
homecity.com.ua,1.03,137270627,,,1
landof.gifts,1.03,137544638,,,0
mardalcables.com,1.03,137345832,,,0
peremychka.com.ua,1.03,137942525,,,1
swissmade.com.ua,1.03,137288351,,,1
teplohub.com,1.03,137786106,,,0
tools-store.com.ua,1.03,137719422,,,1
sneakers-kross.com.ua,1.02,139129765,938299,,1
greenup.com.ua,1.02,138630436,,,1
lamodno.com.ua,1.02,138623223,,,1
oksar.com.ua,1.02,138662262,,,1
ritdye.com.ua,1.02,139325576,,,1
sushenaradist.com.ua,1.02,138836112,,,1
tartufi.com.ua,1.01,139507793,,,1
autoservice.ck.ua,1,140431439,,,1
fabrikauspihu.com.ua,1,140558196,,,1
motorsoil.com.ua,1,140858287,,,1
tortiki.com.ua,0.99,142297002,,,1
fish.net.ua,0.98,142493125,,,1
triggerdrinks.com.ua,0.98,142502395,,,1
anfilada.com.ua,0.97,143339898,,,1
zadavaka.net,0.96,143604138,,,0
jumbi.com.ua,0.95,143746844,,,1
starmax.com.ua,0.94,143916316,823425,,1
mixmalevich.com,0.94,143957404,,,0
kvitkova-feeriya.com.ua,0.93,144148619,,,1
canapteka.com.ua,0.92,144577999,,,1
termo-system.com.ua,0.91,144694909,,,1
atlantisparts.com.ua,0.9,144997430,,,1
diethub.com.ua,0.89,145242476,,,1
svetr.com.ua,0.88,145452711,,,1
profit-market.com,0.87,146033231,,,0
dimpodologii.store,0.86,146302223,,,0
fisher-price.com.ua,0.86,146062805,,,1
elf-mart.com,0.84,147381221,,,0
hevea.ua,0.84,147016863,,,1
readbox.com.ua,0.84,146887606,,,1
roow.com.ua,0.84,146887630,,,1
stypos.com.ua,0.84,146956583,,,1
taisshop.com.ua,0.84,148045641,,,1
veronese.ua,0.84,146956564,,,1
zoofabrika.com.ua,0.84,146956585,,,1
asishop.com.ua,0.83,148518567,,,1
brand-for-brands.com.ua,0.83,149141755,,,1
gold-postelka.com.ua,0.83,148354089,,,1
riko.in.ua,0.83,148354095,,,1
allzip.com.ua,0.82,151107117,,,1
avtokniga2015.com.ua,0.82,149544363,,,1
biserua.com.ua,0.82,149674623,,,1
dynamic.net.ua,0.82,151109564,,,1
happyshopping.com.ua,0.82,151107639,,,1
knip.com.ua,0.82,149355793,,,1
safecity.in.ua,0.82,151109097,,,1
thehouse.com.ua,0.82,151255662,,,1
metworkua.com,0.81,151569993,,,0
zella.ua,0.81,151569974,,,1
angelu.com.ua,0.8,151894668,,,1
magnus.md,0.8,152011776,,,0
master-shop.md,0.8,152011777,,,0
abeautybar.com.ua,0.79,152338768,,,1
lite.kyiv.ua,0.79,152140799,,,1
sender.com.ua,0.79,152473519,,,1
palinochkashop.com.ua,0.78,152778947,,,1
hyundai-technics.com,0.77,154300407,,,0
inshaproducts.com,0.77,154673329,,,0
televizor.com.ua,0.77,155196708,,,1
planeta-sport.com.ua,0.74,156127829,,,1
haircheck.store,0.73,156480991,,,0
moonchel.com.ua,0.73,156313958,,,1
reclaire-cosmetica.com,0.73,156373728,,,0
snaryaga.dp.ua,0.73,156312785,,,1
velomaks.com.ua,0.73,156313960,,,1
apexshop.com.ua,0.71,156849794,,,1
terma.org.ua,0.7,157413828,,,1
yousee.com.ua,0.7,157402493,,,1
flames.com.ua,0.68,157935668,,,1
bodycar.com.ua,0.67,158275380,,,1
dnka.store,0.67,158275181,,,0
marbleclo.com.ua,0.67,158275385,,,1
r2play.com.ua,0.67,158275386,,,1
asdmarket.com.ua,0.66,158904747,,,1
barni.in.ua,0.66,158713824,,,1
bloomcosmetics.com.ua,0.66,158904803,,,1
diskpro.com.ua,0.66,158842774,,,1
dustwell.ua,0.66,158713838,,,1
esseskincare.in.ua,0.66,158713840,,,1
hoverla.ua,0.66,158713839,,,1
hypershellukraine.com,0.66,158872919,,,0
kubiland.shop,0.66,158713835,,,0
opsshop.com.ua,0.66,158713836,,,1
santechera.com.ua,0.66,158904757,,,1
tikivam.com.ua,0.66,158713837,,,1
tingomebli.com.ua,0.66,158904761,,,1
trenagershop.com.ua,0.66,158718221,,,1
bikermarket.ua,0.65,159793066,,,1
silakarpat.online,0.65,159725249,,,0
deyarda.com.ua,0.64,159869976,,,1
hartmann24.com.ua,0.64,159884171,,,1
prime-service.com.ua,0.64,159864686,,,1
vg-group.kiev.ua,0.64,159935515,,,1
getstyle.ua,0.63,160230305,,,1
modernosclasicos.com.ua,0.63,160419644,,,1
prime-x.ua,0.63,160466524,,,1
postavki.shop,0.62,160607680,,,0
99ideas.com.ua,0.61,160881034,,,1
mini-bar.com.ua,0.61,161039108,,,1
berlous.com,0.6,161375611,,,0
sircoffeeman.com.ua,0.6,161229450,,,1
thinkcar.ua,0.6,161355832,,,1
agroshop-top.com.ua,0.59,161467274,,,1
by-sugar.com,0.59,161391132,,,0
candleshop.com.ua,0.59,161413054,,,1
euro-invertor.com.ua,0.59,161439695,,,1
petiteflacons.com.ua,0.59,161393267,,,1
taiemnytsia.com.ua,0.59,161393543,,,1
rimcos.com.ua,0.58,161912969,,,1
arkaplast.store,0.57,162228669,,,0
atl.in.ua,0.57,162229695,,,1
avtociti.com.ua,0.57,162229299,,,1
cheapest.com.ua,0.57,162229335,,,1
deiman.pro,0.57,162225651,,,0
diogen.site,0.57,162168332,,,0
holsthub.com,0.57,162208475,,,0
imishop.com.ua,0.57,162229424,,,1
knipex-shop.com.ua,0.57,162175253,,,1
led.net.ua,0.57,162229805,,,1
lock-door.com.ua,0.57,162180905,,,1
polyboots.com.ua,0.57,162196140,,,1
roco.com.ua,0.57,162196151,,,1
rozvyvashka.com.ua,0.57,162175257,,,1
snamiplus.com.ua,0.57,162175261,,,1
kukirin.com.ua,0.56,162599933,931916,,1
more-doma.ua,0.56,162418006,,,1
applehome.com.ua,0.55,163808913,,,1
ceramtop.com.ua,0.55,162686874,,,1
kaiser-service.com.ua,0.55,162726945,,,1
magicnail.com.ua,0.55,164028439,,,1
amazonas.com.ua,0.54,164170739,,,1
domofonsystem.com,0.54,164156150,,,0
e-skfashion.com.ua,0.52,169491731,,,1
kancport-opt.com,0.52,167430333,,,0
karpatskyylik.com,0.52,167605862,,,0
kerlite-service.com,0.52,168223734,,,0
quadcopters.com.ua,0.52,164750861,,,1
megaprint.kiev.ua,0.51,169499125,,,1
moli-group.com,0.51,169767833,,,0
streetsoup.global,0.51,169767889,,,0
modjo.shop,0.5,169884395,,,0
niva.com.ua,0.5,169828869,,,1
circusforyou.com.ua,0.48,170608883,,,1
smartlighting.ua,0.47,170723952,,,1
aquapro.com.ua,0.46,170995263,,,1
diagexperts.com,0.46,171585947,,,0
hydrasence.com,0.46,171761292,,,0
kaetana.com.ua,0.46,171096990,,,1
manik.net.ua,0.46,173055632,,,1
safekevlar.com,0.46,171159551,,,0
st.net.ua,0.46,173055641,,,1
svitlopack.com,0.46,172178087,,,0
u-protect.com.ua,0.46,173054798,,,1
vasyadiagnost.pro,0.46,172840458,,,0
2smart.com.ua,0.45,173511206,745644,,1
highline.com.ua,0.44,174088375,,,1
rmdom.com.ua,0.44,174209352,,,1
kontraxim.net.ua,0.43,174464833,,,1
postart.city,0.43,174322254,,,0
do-domy.com.ua,0.42,174629863,,,1
oksangelus.com.ua,0.42,174632443,,,1
agrilite.com.ua,0.4,175333700,,,1
amk.ms,0.4,175335921,,,0
bulatochka.pl,0.4,175330997,,,0
ram-t.com.ua,0.4,175344598,,,1
redpower.ua,0.4,175332302,,,1
tsb.com.ua,0.4,175354438,,,1
poof.in.ua,0.39,175845878,811004,,1
clickstore.com.ua,0.36,176989589,926309,,1
ebrand.ua,0.35,177397811,,,1
desire.org.ua,0.34,177681303,,,1
drukaryk.com,0.34,177681448,,,0
electrocontact.com.ua,0.34,177681888,,,1
militaryshop-power.com.ua,0.34,177682039,,,1
nogotok.store,0.34,177681704,,,0
pbg.com.ua,0.34,177635935,,,1
rodri.com.ua,0.34,177682134,,,1
sport-on.com.ua,0.34,177682172,,,1
stemtoys.com.ua,0.34,177585757,,,1
zaba.com.ua,0.34,177682267,,,1
asg-shop.com.ua,0.33,178049233,,,1
prohobby.ua,0.33,177823638,,,1
healthydoggo.ua,0.3,179570067,,,1
veronese-ukraine.com,0.3,179432883,,,0
youcanna.com.ua,0.3,179300591,,,1
atp-agro.com.ua,0.29,179662124,,,1
publisher25.in.ua,0.29,179706263,,,1
aquaterm.md,0.28,180023280,,,0
varenikbar.ua,0.28,180084550,,,1
koreyakosmetika.shop,0.26,180449909,,,0
avtolava.com.ua,0.25,180641582,,,1
h-energy.com.ua,0.25,180641583,,,1
luh.com.ua,0.25,180641578,,,1
vov.beauty,0.25,180641579,,,0
ester.co.ua,0.24,181096550,,,1
mardal.ua,0.24,181074827,,,1
steepen.ua,0.24,180880908,,,1
evt.in.ua,0.23,181299632,,,1
lamodno.ua,0.23,181355188,,,1
target.com.ua,0.23,181270165,,,1
tattooroom.com.ua,0.23,181394487,,,1
vpsvape.com.ua,0.22,181456626,,,1
dflora.com.ua,0.21,181893159,,,1
natole.com.ua,0.18,182101379,,,1
marena.com.ua,0.17,182187545,,,1
bosleymd.com.ua,0.16,182232559,,,1
nubea.com.ua,0.16,182232561,,,1
eurofilter.shop,0.15,182351391,,,0
sporttimeua.com,0.15,182372219,,,0
bonsso.com.ua,0.12,182580512,,,1
fruityland.com.ua,0.12,182535898,,,1
fuze.in.ua,0.12,182596988,,,1
semplay.com.ua,0.1,182859259,,,1
umelye-ruchki.com.ua,0.08,183602278,,,1
pechatkaservice.com.ua,0.02,184600812,,,1
decoralis.com.ua,0,269017916,767333,,1
fitvector.shop,0,,775342,,0
mega-bay.com.ua,0,213143387,797710,,1
myaki-mebli.com.ua,0,269025486,801535,,1
pimoto.com.ua,0,269027006,903766,,1
3d-smart.com.ua,0,,923020,,1
crooz.in.ua,0,,926723,,1
gold24.com.ua,0,,929392,,1
krosseller.com.ua,0,,931872,,1
look-angel.ua,0,,932539,,1
mavkashop.com.ua,0,269024443,933065,,1
skutti.com.ua,0,,938113,,1
the-real.com.ua,0,269031152,939344,,1
tosteroni.ua,0,,939747,,1
1velo.com.ua,0,,,,1
3atyshok.com.ua,0,,,,1
3dlogovo.com.ua,0,,,,1
3dprofi.com.ua,0,269013965,,,1
3dstayer.com.ua,0,,,,1
3samuraisuchi.com.ua,0,,,,1
48kilometer.com.ua,0,,,,1
ALF.com.ua,0,,,,1
Alf.com.ua,0,,,,1
PRIMAVISION.online,0,,,,0
a2k.com.ua,0,269014069,,,1
abc-life.com.ua,0,,,,1
abcase-opt.com.ua,0,269014092,,,1
abt.com.ua,0,269014116,,,1
abvhimiya.com.ua,0,186671420,,,1
accfilter.com.ua,0,,,,1
acdc-center.com,0,,,,0
acosmetics.com.ua,0,,,,1
acpointt.com.ua,0,,,,1
activebeam.com.ua,0,,,,1
activeman.com.ua,0,,,,1
activity.uz.ua,0,,,,1
actual-power.com.ua,0,269014164,,,1
adelaine.com.ua,0,269014181,,,1
ady.com.ua,0,,,,1
aeratorzerna.com,0,245214944,,,0
agent-car-security.ua,0,,,,1
agratika.cz,0,,,,0
agrimpex.pl.ua,0,,,,1
agro-force.in.ua,0,,,,1
agrod.com.ua,0,,,,1
agrodopomoga.com,0,,,,0
agrokum.com.ua,0,,,,1
agromaks2020.com.ua,0,269014380,,,1
agronabir.com.ua,0,,,,1
agropanda.com.ua,0,,,,1
agrosvit.org.ua,0,269045131,,,1
agrotakt.com.ua,0,,,,1
agroteh.shop,0,,,,0
agroteka.com.ua,0,269014420,,,1
agrotexsvit.com.ua,0,269014422,,,1
agrovet.ua,0,269012638,,,1
aimpro.com.ua,0,,,,1
akb-strong.com.ua,0,,,,1
akolobok.com.ua,0,,,,1
akumulatorx.com.ua,0,,,,1
alarm-systems.com.ua,0,213143143,,,1
alarms.com.ua,0,269014554,,,1
alex-hair.com,0,,,,0
alexandrinam.store,0,,,,0
alexandron.shop,0,,,,0
alexavon.com.ua,0,,,,1
alexes.com.ua,0,,,,1
alextools.com.ua,0,,,,1
alf.com.ua,0,,,,1
alfa-service.com.ua,0,,,,1
alfagrafic.ua,0,269012665,,,1
alfaprylad.com,0,245418020,,,0
alfarro.com.ua,0,,,,1
alfik.com.ua,0,,,,1
ali-mobiletron.tech,0,268718990,,,0
alieva-beauty.com.ua,0,,,,1
alite.com.ua,0,269014627,,,1
all.if.ua,0,,,,1
alleo.ua,0,,,,1
allforsolar.com.ua,0,,,,1
allprotein.store,0,,,,0
allskin.com.ua,0,189571536,,,1
alonzo.com.ua,0,,,,1
alpinarij.com.ua,0,,,,1
altana-bud.com.ua,0,269014724,,,1
altepsite.com.ua,0,,,,1
altina.com.ua,0,269014739,,,1
am-pm.com.ua,0,269014756,,,1
amonra-energy.com.ua,0,,,,1
ampprime.com.ua,0,,,,1
amtmarket.com.ua,0,,,,1
amulet4me.com,0,,,,0
amwshop.com.ua,0,269014815,,,1
andtool.online,0,,,,0
anelleasecret.com,0,,,,0
anikakross.com.ua,0,,,,1
animal-partner.com.ua,0,,,,1
annagrinkoshop.com.ua,0,,,,1
ansori.com.ua,0,239817379,,,1
anua.com.ua,0,,,,1
anusept.com,0,,,,0
ap-smart.com.ua,0,,,,1
apolonics.com.ua,0,269014961,,,1
apoz.com.ua,0,,,,1
applepen.com.ua,0,,,,1
appletech.com.ua,0,269014966,,,1
apriori-united.com.ua,0,,,,1
apteka.kim,0,,,,0
aquacentr.com.ua,0,,,,1
aquaflame.com.ua,0,211937364,,,1
aqualite.ua,0,,,,1
aquaura.com.ua,0,,,,1
arabadzhy.com.ua,0,269015043,,,1
arb4x4.com.ua,0,,,,1
ardema.com.ua,0,269015075,,,1
aretta7x.com,0,245834468,,,0
arhimed.com.ua,0,269015098,,,1
arium.com.ua,0,,,,1
arizon.com.ua,0,,,,1
aroma-bouquet.com.ua,0,,,,1
aroma-chudesa.com.ua,0,269015130,,,1
aromaboom.com.ua,0,,,,1
aromagood.com.ua,0,269015137,,,1
aromavidahome.com,0,,,,0
aroundyou.com.ua,0,,,,1
arsenal-ua.com.ua,0,,,,1
arson.com.ua,0,,,,1
arstcrt.com.ua,0,,,,1
art-on-medal.com,0,,,,0
art-winni.com.ua,0,,,,1
artea.com.ua,0,,,,1
artisbags.com.ua,0,,,,1
artist.in.ua,0,,,,1
artofskin.com.ua,0,,,,1
artonstyle.com.ua,0,,,,1
artruta.com.ua,0,,,,1
arxanshop.com.ua,0,,,,1
asarin.com.ua,0,,,,1
asia-goods.com.ua,0,,,,1
aspor.shop,0,,,,0
ast-zap.com.ua,0,,,,1
asvitlabiser.com.ua,0,,,,1
atelier-13.com,0,245989894,,,0
athlex.website,0,,,,0
atlgroup.com.ua,0,,,,1
attie.com.ua,0,,,,1
audsa.com,0,246042167,,,0
auto-style.website,0,,,,0
autoaksimus.com.ua,0,,,,1
autobag.ua,0,,,,1
autobooster.com.ua,0,,,,1
autocristal.in.ua,0,,,,1
autoemblema-opt.com.ua,0,,,,1
autogaspoint.com.ua,0,,,,1
autolavka.com.ua,0,269015549,,,1
autometizstore.com.ua,0,,,,1
autopartner.net.ua,0,,,,1
autopartsx.com.ua,0,,,,1
autors-cosmetics.com.ua,0,,,,1
autotechservice.com.ua,0,,,,1
autoteile.com.ua,0,,,,1
autotrends.com.ua,0,,,,1
avanprint.ua,0,269013194,,,1
avantage-tools.com.ua,0,185100033,,,1
avengeangel.com.ua,0,,,,1
avmpro.com.ua,0,269015678,,,1
avomi.com.ua,0,,,,1
avto-shumo-evaplast.shop,0,,,,0
avtocomfort.shop,0,,,,0
avtodrib.com.ua,0,,,,1
avtoholik.com,0,,,,0
avtoinstrumentik.com.ua,0,,,,1
avtoprostor.com.ua,0,,,,1
avtorevers.com.ua,0,269015761,,,1
avtosvitlo.com,0,,,,0
awind.com.ua,0,,,,1
axiom.com.ua,0,,,,1
ayurveda-soul.com.ua,0,,,,1
b-studio.lviv.ua,0,,,,1
babaka.com.ua,0,,,,1
babanadya.com.ua,0,,,,1
babuy.com.ua,0,,,,1
baby.kiev.ua,0,,,,1
babykidss.com.ua,0,,,,1
bacotahills.com,0,246183196,,,0
bafy.in.ua,0,,,,1
bagetik.com,0,,,,0
bagmaster.com.ua,0,,,,1
bagros.com.ua,0,,,,1
bakepro.com.ua,0,,,,1
balabin.com.ua,0,,,,1
balda.ua,0,,,,1
ballisticgroup.store,0,,,,0
bamboo-gilzy.com,0,246227984,,,0
bananahall.com.ua,0,,,,1
bantiki.pp.ua,0,,,,1
barber-club.com.ua,0,239817810,,,1
barber-set.com.ua,0,,,,1
basa-shop.com.ua,0,,,,1
base.in.ua,0,,,,1
baseartua.com,0,,,,0
basket-shop.com.ua,0,,,,1
baum.in.ua,0,269036734,,,1
bavna.ua,0,269013234,,,1
bazaua.com,0,246313417,,,0
bazazip.in.ua,0,,,,1
bbtoys.com.ua,0,269016038,,,1
beastyle.com.ua,0,269016065,,,1
beauteful-shop.com,0,,,,0
beautyaura.com.ua,0,,,,1
beautymulti.com.ua,0,,,,1
beautyok.com.ua,0,,,,1
beesmail.com.ua,0,269016118,,,1
behappybaby.com.ua,0,,,,1
beko.sale,0,268121302,,,0
bellacandelastudio.com,0,,,,0
belliss.com.ua,0,,,,1
bemax.com.ua,0,185743089,,,1
beneliss.com.ua,0,,,,1
benihome.com.ua,0,,,,1
bepower.com.ua,0,,,,1
beroze.ua,0,,,,1
berrybar.com.ua,0,,,,1
best-linza.com.ua,0,269016179,,,1
bestik.com.ua,0,269016202,,,1
bestoptic.store,0,,,,0
bestplus.com.ua,0,,,,1
bestpufua.com,0,246464876,,,0
bestvelo.com.ua,0,,,,1
bevelheels.com,0,246488320,,,0
bezdoganno.com,0,189351535,,,0
bezpekaopt.com.ua,0,,,,1
bgstore.com.ua,0,,,,1
biggift.com.ua,0,269016295,,,1
bijouwill.com.ua,0,,,,1
bilakross.com,0,,,,0
bilpromrukav.com.ua,0,,,,1
bioink.com.ua,0,269016342,,,1
bionic.in.ua,0,269036782,,,1
bionskincare.com.ua,0,269016347,,,1
black-box.md,0,,,,0
blackraven.store,0,,,,0
blade.best,0,,,,0
blokky.com.ua,0,,,,1
blom.com.ua,0,,,,1
blossom-textil.com,0,246754989,,,0
bmw-paradise.com.ua,0,,,,1
bnwtech.com.ua,0,,,,1
bober.md,0,264482584,,,0
bodycarsolutions.com,0,,,,0
bofort.shop,0,,,,0
boikovmonety.com.ua,0,,,,1
bolci.com.ua,0,,,,1
bolgarka.com.ua,0,,,,1
bom-bom.com.ua,0,,,,1
bondarukstore.com.ua,0,,,,1
bonsso.ua,0,189558761,,,1
bookhaven.com.ua,0,269016550,,,1
bookhut.com.ua,0,,,,1
booksgames.com.ua,0,,,,1
bookwin.com.ua,0,,,,1
bookzhook.com.ua,0,269016559,,,1
boomcosmetic.com.ua,0,269016561,,,1
boss-diagnost.com,0,,,,0
boss-pc.com.ua,0,269016597,,,1
botessa.site,0,,,,0
botox.com.ua,0,269016603,,,1
bounce.ua,0,,,,1
boyandgirltoys.com,0,246891610,,,0
bramoms.com.ua,0,185100035,,,1
brandcase.com.ua,0,,,,1
bravomebli.com.ua,0,,,,1
brewservice.net.ua,0,,,,1
brickstone.md,0,,,,0
brigadir-klass.com,0,,,,0
broadway-cosmetics.com,0,,,,0
bryk-lider.od.ua,0,269044130,,,1
bu-group.com.ua,0,,,,1
bubbletea.kiev.ua,0,269040074,,,1
budlevel.com.ua,0,,,,1
budmarket-vash-dom.com,0,,,,0
budsale.com.ua,0,,,,1
bukiet-na-prezent.pl,0,267125120,,,0
buyers.com.ua,0,,,,1
buygood.com.ua,0,,,,1
bytewave.com.ua,0,,,,1
calmbabe.com.ua,0,,,,1
calmetedecor.com,0,,,,0
campingtools.com.ua,0,,,,1
candycraft.com.ua,0,,,,1
candymom.com.ua,0,,,,1
cansa.com.ua,0,269016940,,,1
caparol.in.ua,0,,,,1
capigr.com.ua,0,239818205,,,1
car-store.com.ua,0,,,,1
cargocontrol.md,0,264482681,,,0
carluxe.com.ua,0,,,,1
carvibe.com.ua,0,,,,1
casatehno.md,0,,,,0
caseart.com.ua,0,,,,1
cashservice.com.ua,0,269017036,,,1
caskade-store.com.ua,0,,,,1
casto.com.ua,0,,,,1
catbags.com.ua,0,239818238,,,1
catchit.ltd,0,,,,0
cennamo.com.ua,0,,,,1
centerbezpeku.com.ua,0,,,,1
centersantehniki.com,0,247421044,,,0
ceramics.co.ua,0,,,,1
ceresit.one,0,,,,0
chakarunamarket.com,0,,,,0
chakkee.ua,0,,,,1
checkpoint-italy.com,0,,,,0
cheeseshop.com.ua,0,,,,1
cheesesweets.com,0,,,,0
chelsy.com.ua,0,269017190,,,1
chem-point.pl,0,,,,0
cherel.com.ua,0,,,,1
chiarafirenzeua.com,0,,,,0
chimprint.com.ua,0,,,,1
chinesemedicine.com.ua,0,269017253,,,1
chooseyourshoes.com.ua,0,,,,1
chopchop.com.ua,0,,,,1
chromhub.com.ua,0,,,,1
chystodim.com,0,,,,0
chytatytsemodno.com,0,,,,0
cicada-ukraine.com.ua,0,,,,1
civilzakhyst.com.ua,0,,,,1
climate-system-ukraine.com.ua,0,,,,1
climatehnik.com.ua,0,,,,1
clipperde.com.ua,0,,,,1
cloud-candy.com.ua,0,269017399,,,1
cloudysmoke.com.ua,0,,,,1
club-rukodelia.com,0,247774183,,,0
coffeerman.com.ua,0,,,,1
colorgift.md,0,,,,0
cometacosmetic.com,0,247894187,,,0
comfisher.com.ua,0,269017485,,,1
comfortcorner.in.ua,0,,,,1
comforthouse.net.ua,0,,,,1
commander.com.ua,0,,,,1
comoyo.online,0,,,,0
complektv.com.ua,0,,,,1
comradcars.com.ua,0,,,,1
condom-dealer.store,0,,,,0
contact-kolomyia.pp.ua,0,,,,1
contract-pack.com,0,247973764,,,0
controllhome.com.ua,0,,,,1
controls.com.ua,0,269017542,,,1
cool-breeze.com.ua,0,,,,1
coolpack.com.ua,0,269017559,,,1
cordina.com.ua,0,,,,1
corkcentre.com.ua,0,,,,1
cornix.ua,0,269034119,,,1
cosberry.com.ua,0,,,,1
cosmelia.com.ua,0,,,,1
cosmemiss.com.ua,0,,,,1
cosmetaline.kiev.ua,0,,,,1
cosmeticksu.shop,0,,,,0
cosmeticsland.com.ua,0,269017585,,,1
cosmeticslt.com.ua,0,,,,1
cosmeticworld.com.ua,0,,,,1
cosmetikaboom.com.ua,0,,,,1
cosmetochka.shop,0,,,,0
cosmo-l-beauty.com,0,,,,0
cosmocevtica.com,0,248025970,,,0
cosmodo.com.ua,0,269017592,,,1
cosmodream.com.ua,0,,,,1
cosmolips.com.ua,0,,,,1
cosychoice.com.ua,0,,,,1
cottonhome.site,0,268528184,,,0
cozyolyastore.com.ua,0,,,,1
craftmaister.ua,0,,,,1
craftstore.in.ua,0,,,,1
craftz.com.ua,0,,,,1
crystalcar.com.ua,0,,,,1
csi.net.ua,0,,,,1
cubastic3d.com.ua,0,,,,1
curlshop.com.ua,0,269017731,,,1
curtis.com.ua,0,269017732,,,1
curuba.com.ua,0,,,,1
cyberix.com.ua,0,,,,1
daikon.com.ua,0,,,,1
daisy-market.com.ua,0,269017795,,,1
dakimakura.in.ua,0,,,,1
dannytiny.ua,0,269034274,,,1
darmovka.com.ua,0,,,,1
daske.md,0,264482961,,,0
ddkua.com.ua,0,,,,1
decor4you.biz,0,,,,0
decorator.dp.ua,0,,,,1
decorcake.com.ua,0,,,,1
decorflora.com.ua,0,,,,1
deeply.ua,0,,,,1
defender.in.ua,0,,,,1
dekor-home.com.ua,0,,,,1
delfin18.com.ua,0,,,,1
delight.com.ua,0,,,,1
denimtrade.com.ua,0,,,,1
deom.com.ua,0,,,,1
dep-skin.com,0,,,,0
deshevak.com.ua,0,,,,1
design-trading.kiev.ua,0,,,,1
desireart.com.ua,0,,,,1
destar.com.ua,0,,,,1
detaly.tech,0,,,,0
deus.com.ua,0,,,,1
devicenest.com.ua,0,,,,1
dexstore.com,0,,,,0
deyeinverter.in.ua,0,,,,1
dfadekor.store,0,268653943,,,0
dgeorgik.com.ua,0,269018105,,,1
di-store.com.ua,0,,,,1
diamondlash.com.ua,0,,,,1
dicetech.com.ua,0,,,,1
didlykhozor.com,0,185062601,,,0
digital-snail.com.ua,0,,,,1
diksik.com,0,,,,0
dim-energy.com,0,211654333,,,0
dimaro.com.ua,0,,,,1
dimdverey.in.ua,0,,,,1
dimdzerkal.com.ua,0,,,,1
dimko.in.ua,0,,,,1
dimmax.com.ua,0,269018198,,,1
dinatex.com.ua,0,,,,1
dinobar.shop,0,,,,0
dinos.com.ua,0,,,,1
dishopsmart.com.ua,0,,,,1
diusidoors.com.ua,0,,,,1
diva-lingerie.com,0,227427120,,,0
divapharm.com.ua,0,,,,1
diversity-shop.com,0,248678482,,,0
divex-group.com,0,227428120,,,0
diyko.net,0,264883977,,,0
dneprzoo-royal.dp.ua,0,,,,1
doakt.com,0,227458859,,,0
dodas.com.ua,0,,,,1
dogsmile.com.ua,0,,,,1
dogstock.store,0,,,,0
dok27.com,0,,,,0
dokamebel.com.ua,0,,,,1
dolcemarmellata.com,0,248755082,,,0
doletiv.com.ua,0,,,,1
dollland.net.ua,0,,,,1
domchek.com.ua,0,269018418,,,1
domisto.com.ua,0,,,,1
domo.ua,0,,,,1
domofonservice.md,0,,,,0
doorfit.com.ua,0,269018481,,,1
doshchovyta.shop,0,,,,0
doublebeats.com.ua,0,,,,1
dream.org.ua,0,269045467,,,1
dreamarium.shop,0,239461271,,,0
dreamon.com.ua,0,,,,1
drinkins.com.ua,0,,,,1
dritko.com,0,248864004,,,0
drive-tech.com.ua,0,,,,1
drivetechno.com.ua,0,,,,1
drt.com.ua,0,269018593,,,1
druknametali.com.ua,0,,,,1
dsmoda.com.ua,0,269018621,,,1
ducale.com.ua,0,,,,1
dudcom.com.ua,0,,,,1
dukach.com.ua,0,269018664,,,1
duvoflora.com.ua,0,,,,1
dvadubky.com,0,,,,0
dvavto.pro,0,,,,0
dverilock.com.ua,0,269018697,,,1
dystero.com.ua,0,,,,1
dyvohome.shop,0,,,,0
dzerkalniy.com.ua,0,,,,1
dzerkalnyi.com.ua,0,,,,1
e-autoparts.com.ua,0,,,,1
e-drone.com.ua,0,,,,1
e-generator.com.ua,0,269018740,,,1
e-staff.in.ua,0,,,,1
e-zahyst.in.ua,0,,,,1
east-gear.com,0,,,,0
easymarket.kiev.ua,0,,,,1
ecclimate.com.ua,0,,,,1
eck.com.ua,0,,,,1
eco-obigriv.com,0,249032134,,,0
ecogreen-everyday.com.ua,0,,,,1
ecohealthy.ai,0,,,,0
ecolavka.in.ua,0,,,,1
ecoshop.in.ua,0,239827686,,,1
ecovolt-ua.com,0,,,,0
edilos-medical.com.ua,0,,,,1
edupaka.in.ua,0,,,,1
efarmpro.com,0,,,,0
ehub.kyiv.ua,0,,,,1
ekotermo.com.ua,0,,,,1
ekvatorsmaku.com.ua,0,,,,1
elanday.com.ua,0,,,,1
elanikid.com.ua,0,269019001,,,1
eldim.com.ua,0,186671504,,,1
elecrix.com.ua,0,,,,1
electicbike.com.ua,0,,,,1
electrica-store.com.ua,0,,,,1
elekta.com.ua,0,,,,1
elektromagazin.kiev.ua,0,269040286,,,1
elektrothor.trade,0,,,,0
elektryka.shop,0,,,,0
elfbarkhmel.com,0,,,,0
elfik.cc,0,,,,0
elite-peony.com,0,,,,0
elitesport-ua.com,0,249159900,,,0
elkipalkinoviygod.com.ua,0,,,,1
emberway.com.ua,0,269019151,,,1
embrace.com.ua,0,,,,1
emkosty.com,0,,,,0
endi.com.ua,0,,,,1
energosmart.com.ua,0,,,,1
energyhub.shop,0,239461636,,,0
energysale.com.ua,0,,,,1
enigma.kiev.ua,0,269040295,,,1
epod.com.ua,0,239819226,,,1
epoxystore.com.ua,0,,,,1
erasantehniki.com,0,,,,0
erudytyk.com.ua,0,,,,1
es-ukraine-shop.com.ua,0,239819239,,,1
escosmetics.com.ua,0,,,,1
espreso-service.com.ua,0,,,,1
essentianature.com.ua,0,,,,1
estheticwoman.com,0,,,,0
etac.in.ua,0,,,,1
eternite.com.ua,0,,,,1
eticom.com.ua,0,,,,1
etu.net.ua,0,,,,1
euro-kraski.com.ua,0,186671505,,,1
eurofarba.com.ua,0,,,,1
eurolavka2020.com.ua,0,,,,1
euromatras.com.ua,0,269019425,,,1
eurostill.shop,0,,,,0
evaplast-pazl.com.ua,0,,,,1
evdim.com.ua,0,,,,1
evrofood.com,0,,,,0
evrosvit.com.ua,0,,,,1
expert-beauty.com.ua,0,269019580,,,1
ext.com.ua,0,,,,1
extracty.com.ua,0,239819317,,,1
ezakupki.com.ua,0,,,,1
ezlt.com.ua,0,,,,1
f-tech-studio.com.ua,0,218227859,,,1
faceme.com.ua,0,239819334,,,1
factura.in.ua,0,269037238,,,1
faiarts.com.ua,0,269019666,,,1
faika.com.ua,0,269019667,,,1
falco.com.ua,0,,,,1
fantix.com.ua,0,,,,1
farba-and-decor.com.ua,0,269019714,,,1
farby.org.ua,0,,,,1
farmag.com.ua,0,269019720,,,1
fav1.com.ua,0,,,,1
favormebli.com.ua,0,269019768,,,1
favorov.com.ua,0,,,,1
faynashop.com.ua,0,269019770,,,1
fct.lviv.ua,0,,,,1
feelsua.store,0,,,,0
feeltrui.coffee,0,,,,0
feetup.com.ua,0,269019814,,,1
fellerbike.com.ua,0,,,,1
fempro.com.ua,0,,,,1
fialkiodesa.space,0,,,,0
fillerstop.com.ua,0,,,,1
finesko.com.ua,0,,,,1
fini.ua,0,269035590,,,1
fioribags.com,0,228114283,,,0
fishland.ua,0,,,,1
fishpoint.store,0,,,,0
fitcrush.com.ua,0,,,,1
fitcultura.com.ua,0,269019949,,,1
fito-life.com.ua,0,269019957,,,1
fixride.com.ua,0,,,,1
flavors.ua,0,269035609,,,1
fleurfruit.com.ua,0,,,,1
flirtplace.com.ua,0,,,,1
floraluxe.com.ua,0,,,,1
florynka.com.ua,0,,,,1
flover-garden.com.ua,0,,,,1
flower-box.in.ua,0,,,,1
fma.com.ua,0,,,,1
fnirsi.net.ua,0,239830220,,,1
fofunstickers.com,0,,,,0
fomo.in.ua,0,,,,1
foodfactor.ua,0,269035633,,,1
foodmix.com.ua,0,,,,1
footballpro-store.com.ua,0,,,,1
footballsteel.com,0,,,,0
forly.com.ua,0,269020109,,,1
formulavolossya.com.ua,0,,,,1
forover.com.ua,0,,,,1
forpost-games.com.ua,0,,,,1
forpost.store,0,,,,0
forsage-oil.com.ua,0,,,,1
fortua.com.ua,0,,,,1
foxmycroco.shop,0,,,,0
fresh-pack.com.ua,0,269020229,,,1
freshme.com.ua,0,,,,1
freshpost.kyiv.ua,0,,,,1
fura.md,0,,,,0
furgon-ua.com,0,,,,0
furnitura.systems,0,,,,0
futurio.com.ua,0,,,,1
g-target.com.ua,0,,,,1
gadget-mix.com.ua,0,185050009,,,1
gadgetplace.com.ua,0,,,,1
gadgetplus.com.ua,0,,,,1
gal-clim.com.ua,0,,,,1
galaservise.com,0,,,,0
galchinsad.com.ua,0,,,,1
gamelabShop.com.ua,0,,,,1
gamelabshop.com.ua,0,269020368,,,1
gamer-cat.com.ua,0,,,,1
garantbudservis.com.ua,0,,,,1
garmata.in.ua,0,269037313,,,1
garmoniyasnu.com,0,250101856,,,0
garnoshop.net.ua,0,,,,1
gbcosmetics.com.ua,0,,,,1
gekoplus.com.ua,0,,,,1
gelatocandle.com.ua,0,,,,1
gerbordesign.com.ua,0,,,,1
germantuning.com.ua,0,,,,1
gesua.com.ua,0,,,,1
gf.lviv.ua,0,,,,1
gibgroup-vn.com.ua,0,,,,1
gidas.com.ua,0,269020551,,,1
gigaprice.com.ua,0,239819673,,,1
gigastyle.com.ua,0,,,,1
gigatech.com.ua,0,,,,1
giss.com.ua,0,,,,1
glami.com.ua,0,269020591,,,1
glazingstore.online,0,,,,0
globaltobakointernesnl.com.ua,0,,,,1
gofix.store,0,268660019,,,0
goingstores.com.ua,0,,,,1
goldenlotus.com.ua,0,239819734,,,1
golka.cc,0,,,,0
good-devices.com.ua,0,,,,1
good-dream.ua,0,,,,1
good-service.com.ua,0,269020714,,,1
goodlinza.com.ua,0,,,,1
gorbud.com.ua,0,,,,1
gordigroup.com.ua,0,,,,1
gorna.com.ua,0,,,,1
gotech.com.ua,0,,,,1
gpsecurity.com.ua,0,,,,1
gpska.ua,0,239827269,,,1
gpskaua.com,0,228555835,,,0
gpsuaservice.com.ua,0,269020806,,,1
gradepro.com.ua,0,239819780,,,1
graemo-ochyma.com.ua,0,,,,1
grain-capital.shop,0,,,,0
grand-choice.com.ua,0,,,,1
grandiosteh.com.ua,0,239819789,,,1
grandtrade.shop,0,268449225,,,0
granitno.store,0,,,,0
granmarka.com.ua,0,,,,1
gravitation.com.ua,0,269020879,,,1
greeny.com.ua,0,,,,1
gret.com.ua,0,,,,1
gretariya-shop.com.ua,0,,,,1
grill-mania.com.ua,0,,,,1
grit-store.com.ua,0,,,,1
grompostach.com.ua,0,,,,1
gruf.com.ua,0,,,,1
gsmba.shop,0,,,,0
gunnar.ua,0,239827283,,,1
gwf.ua,0,,,,1
h2o-center.com,0,,,,0
haier-ua.com,0,250688725,,,0
hairway.in.ua,0,,,,1
haisha-m.shop,0,268450065,,,0
halmar.ua,0,269036101,,,1
hamerton.com.ua,0,,,,1
hammerite-ua.com,0,,,,0
handmadebar.com.ua,0,,,,1
hantea.in.ua,0,,,,1
happy-print.com.ua,0,,,,1
harbazar.com.ua,0,,,,1
hardkit.com.ua,0,,,,1
hardwarehub.com.ua,0,,,,1
hart-opt.in.ua,0,269037387,,,1
hart.ua,0,269036105,,,1
harvest-house.com.ua,0,,,,1
hatalaminatu.com.ua,0,269021133,,,1
hatniysvit.com.ua,0,269021136,,,1
haventech.com.ua,0,,,,1
hds.com.ua,0,,,,1
healthydoggo.com.ua,0,188526789,,,1
heat-install.com.ua,0,239819905,,,1
heathome.com.ua,0,,,,1
heathy-life.com.ua,0,,,,1
hebeyos.com.ua,0,,,,1
heco-audio.com.ua,0,,,,1
hellodity.com,0,,,,0
helper-clothes.com.ua,0,,,,1
hempgarazh.com,0,,,,0
herb-life.com.ua,0,,,,1
hermesengineering.shop,0,,,,0
hexon.store,0,268661567,,,0
heycurly.store,0,,,,0
hg-tech.com.ua,0,,,,1
hgtech.com.ua,0,,,,1
hikayaara.com,0,,,,0
hilighter.ua,0,,,,1
hiper.md,0,,,,0
hipill.com.ua,0,269021241,,,1
hobbylavka.com.ua,0,185050413,,,1
hobbysamurai.com,0,,,,0
hobot.org.ua,0,,,,1
hobot.ua,0,239827324,,,1
hockeyplayer.com.ua,0,269021277,,,1
holymoly.com.ua,0,,,,1
holyshine.com.ua,0,,,,1
home-appliances.com.ua,0,,,,1
home-tkani.com.ua,0,,,,1
home24.in.ua,0,,,,1
homeenergy.com.ua,0,,,,1
homefabrica.store,0,,,,0
homemark.com.ua,0,,,,1
homora.com.ua,0,,,,1
homsi-mebel.in.ua,0,,,,1
honeybee.ua,0,,,,1
honeysua.shop,0,,,,0
hoper-trade.com.ua,0,,,,1
horfood.com.ua,0,,,,1
houm.com.ua,0,239820530,,,1
houseclean.top,0,,,,0
hp-studiogift.com.ua,0,,,,1
hret.com.ua,0,,,,1
hushi.com.ua,0,,,,1
hvostatispravu.com.ua,0,,,,1
hvostik.shop,0,,,,0
hwstudio.com.ua,0,,,,1
hydrojet.com.ua,0,,,,1
hygge-shop.com.ua,0,,,,1
hypershellukraine.com.ua,0,,,,1
i-staff.in.ua,0,,,,1
iamshop.com.ua,0,,,,1
ic-trade.com.ua,0,,,,1
identity-store.com.ua,0,,,,1
idiag.pro,0,,,,0
ignis.od.ua,0,,,,1
igrabum.info,0,263358702,,,0
igrashki.shop,0,,,,0
igryshkaua.com,0,251327755,,,0
iguana.ua,0,,,,1
ikorka.org.ua,0,,,,1
imexshop.in.ua,0,,,,1
immuneup.com.ua,0,269021669,,,1
impersalbeauty.com.ua,0,185100038,,,1
importmarket.com.ua,0,,,,1
imtac.od.ua,0,,,,1
incosmetics.com.ua,0,,,,1
infoteq.com.ua,0,,,,1
ingco.com.ua,0,,,,1
inoks.com.ua,0,,,,1
instax.pro,0,267383108,,,0
integralengineering.com.ua,0,,,,1
interiernik.com,0,251492786,,,0
interior.net.ua,0,,,,1
intertelecom.in.ua,0,,,,1
interzbut.com.ua,0,269021920,,,1
intimshop.com.ua,0,,,,1
intives.com.ua,0,,,,1
intymdesire.com,0,,,,0
invero.com.ua,0,,,,1
ishoproom.com.ua,0,,,,1
isiko.skin,0,268619539,,,0
island-purity.com.ua,0,269022044,,,1
iteise.com.ua,0,,,,1
itsmy.market,0,,,,0
iva-moda.com.ua,0,269022139,,,1
ix.com.ua,0,,,,1
j-tail.com.ua,0,269022179,,,1
j7shop.com.ua,0,,,,1
jadore.com.ua,0,,,,1
jalo.com.ua,0,,,,1
janzen.com.ua,0,,,,1
japantackle.com.ua,0,,,,1
jasmine-parfum.com.ua,0,,,,1
jediss.com.ua,0,269022222,,,1
jessy.com.ua,0,,,,1
jewelryparadise.com.ua,0,,,,1
joyit.com.ua,0,,,,1
joymarket.ua,0,269039291,,,1
jumioutdoors.com.ua,0,,,,1
jump24.com.ua,0,269022301,,,1
juno.com.ua,0,269022312,,,1
juststyle.org.ua,0,,,,1
k27.com.ua,0,,,,1
kaiza.com.ua,0,,,,1
kalynashop.com.ua,0,,,,1
kamanti.com.ua,0,,,,1
kamber.ua,0,269039307,,,1
kapitanova-distribution.com.ua,0,239820883,,,1
kapryhome.com.ua,0,,,,1
kardan365.com,0,,,,0
karimat.ua,0,,,,1
kastor-service.com,0,,,,0
kastorama.com.ua,0,269022489,,,1
katakakiev.com.ua,0,,,,1
katatonia.store,0,,,,0
kavain.com.ua,0,,,,1
kavun.net.ua,0,,,,1
kaylas.com.ua,0,269022514,,,1
kcmtech.com.ua,0,,,,1
kentavershop.com,0,212434797,,,0
keychron.in.ua,0,,,,1
keywin.com.ua,0,,,,1
kg-generator.com,0,,,,0
khmelvape.com,0,,,,0
kicksindustry.com.ua,0,,,,1
kidsarmy.com.ua,0,,,,1
kidshandmade.com.ua,0,,,,1
kidsstation.com.ua,0,,,,1
kigurunshop.com.ua,0,,,,1
kilim-decor.com,0,,,,0
kimchilian.com.ua,0,,,,1
kinder-partyy.com.ua,0,,,,1
kinder.top,0,,,,0
king-pro.com.ua,0,218228000,,,1
kingparacord.in.ua,0,,,,1
kingroy.com.ua,0,,,,1
kirashop.com.ua,0,,,,1
kitvilla.com.ua,0,,,,1
kivagro.com.ua,0,,,,1
kixxoil.com.ua,0,,,,1
klavacomp.in.ua,0,,,,1
klimtehmontag.com,0,252121207,,,0
klmstore.site,0,,,,0
klybnika-market.com.ua,0,,,,1
knitform.com,0,252130563,,,0
kolchuga-home.com.ua,0,210778294,,,1
kolchuga.pro,0,239001637,,,0
koleso.in.ua,0,,,,1
kolobok.top,0,268835741,,,0
kolodiy.com.ua,0,269022857,,,1
kolokuli.com.ua,0,,,,1
kombayner.com.ua,0,,,,1
komodforyou.com.ua,0,,,,1
komoduk.com.ua,0,,,,1
kondyter.com.ua,0,,,,1
konkurent-td.com.ua,0,,,,1
kopteam.com.ua,0,,,,1
koral-lux.com.ua,0,,,,1
koreabeautystore.com.ua,0,269022930,,,1
korealand.com.ua,0,,,,1
koreancosmeticsstore.shop,0,268457858,,,0
korfad.in.ua,0,,,,1
korinna.com.ua,0,,,,1
korobkaopt.in.ua,0,,,,1
koshuk.in.ua,0,269037656,,,1
kosiv.online,0,,,,0
kosmeticsmakeup.com.ua,0,,,,1
kosmetika-dlya-volos.com.ua,0,,,,1
kosmetyka-prof.com.ua,0,,,,1
kostorg.com.ua,0,,,,1
kotech.com.ua,0,,,,1
koto-industry.com,0,,,,0
kotytorba.com,0,,,,0
kover-brand.com,0,,,,0
kovry-kvadro.com.ua,0,,,,1
kpd-service.com.ua,0,,,,1
kpopericho.com,0,252159758,,,0
kraftar.in.ua,0,,,,1
kraftmaster.com.ua,0,,,,1
kraftpaket.com.ua,0,,,,1
krainakanc.com.ua,0,,,,1
krako.com.ua,0,,,,1
krasaismak.com.ua,0,,,,1
krasalux.com.ua,0,,,,1
krasunya-secret.com.ua,0,,,,1
kravchinya.com.ua,0,,,,1
kravchyshyn-sad.com.ua,0,,,,1
kravtolov.com.ua,0,,,,1
krei-market.com.ua,0,,,,1
kremen.net.ua,0,,,,1
krislalux.com.ua,0,,,,1
krohaenot.com.ua,0,,,,1
kroner-shop.com.ua,0,239821098,,,1
kroshka-miroshka.com.ua,0,,,,1
krylamagury.com.ua,0,,,,1
ku-puy.site,0,,,,0
kubikids.com.ua,0,,,,1
kugoo-samokat.com.ua,0,269023136,,,1
kugookirin.com.ua,0,269023137,,,1
kuhnimarket.com.ua,0,,,,1
kulemart.com.ua,0,,,,1
kuniclub.com.ua,0,269023158,,,1
kupamatratsiv.com,0,252210723,,,0
kupui-lehko.com.ua,0,,,,1
kupuy-may.com.ua,0,,,,1
kupuysvidomo.com.ua,0,,,,1
kutochok.com.ua,0,,,,1
kvantlab.com.ua,0,,,,1
kvit-tochka.com,0,230355292,,,0
kvitanka.com.ua,0,,,,1
kvitgarden.com.ua,0,,,,1
kviti4you.shop,0,,,,0
kvitolia.com,0,,,,0
kyiv-agro.com,0,,,,0
kylkalyaba-b2b.com.ua,0,,,,1
l-workshop.com.ua,0,269023276,,,1
la-trade.com.ua,0,,,,1
lafastore.com.ua,0,269023307,,,1
laitson.com.ua,0,,,,1
lakki-shop.com,0,,,,0
lalapka.com.ua,0,,,,1
lamamama.ua,0,211269162,,,1
lamastore.com.ua,0,,,,1
lamiel.store,0,,,,0
lampada.mk.ua,0,,,,1
lampoviy.com.ua,0,,,,1
laness.com.ua,0,,,,1
lanochka.com.ua,0,,,,1
laptop-parts.pl,0,,,,0
laptop-planet.com.ua,0,239821193,,,1
laptop-store.kiev.ua,0,,,,1
lartek.com.ua,0,,,,1
lasalcosmetics.com.ua,0,,,,1
lasale.com.ua,0,,,,1
laser-craft.md,0,,,,0
laseverynsky.com,0,252338050,,,0
lashpro.md,0,,,,0
lashw.shop,0,268458889,,,0
lass.com.ua,0,,,,1
lastivka4baby.com.ua,0,,,,1
laufam.store,0,268666473,,,0
lava.net.ua,0,,,,1
lavento.com.ua,0,,,,1
lavin.com.ua,0,,,,1
lavitamine.com.ua,0,,,,1
lavkatoys.com.ua,0,,,,1
lazarfabworks.com,0,,,,0
lazurol.com.ua,0,,,,1
lb.org.ua,0,,,,1
leadersport.in.ua,0,239827878,,,1
leathive.com.ua,0,,,,1
leballoon.com.ua,0,,,,1
lecharme.com.ua,0,,,,1
ledprofiles.com.ua,0,269023486,,,1
ledsmile.com.ua,0,185100021,,,1
ledu.com.ua,0,,,,1
lemsad.com.ua,0,,,,1
ler.com.ua,0,239821271,,,1
letime.com.ua,0,,,,1
letout.com.ua,0,,,,1
level-25.com.ua,0,,,,1
levibe.com.ua,0,,,,1
lezhanka.com.ua,0,185498296,,,1
lezoy.fun,0,,,,0
lhstudio.com.ua,0,269023595,,,1
libron.ua,0,,,,1
liel.com.ua,0,269023620,,,1
lieutenant.com.ua,0,,,,1
lifehappyua.com,0,,,,0
lifestrong.com.ua,0,,,,1
light-store.com.ua,0,,,,1
lilashop.od.ua,0,,,,1
lilia-flowers.com.ua,0,269023682,,,1
lilucosmetics.com.ua,0,,,,1
lime-bag.com.ua,0,,,,1
limpero.shop,0,268460002,,,0
linebrook.com.ua,0,,,,1
lionclub.com.ua,0,,,,1
lippiliya.com.ua,0,,,,1
liq-shop.com.ua,0,,,,1
lisich.com.ua,0,,,,1
litek.com.ua,0,,,,1
littlebro.com.ua,0,,,,1
littledespot.com.ua,0,,,,1
liubliutak.com.ua,0,,,,1
liveshop.com.ua,0,,,,1
livesta-cosmetics.com.ua,0,,,,1
livesta.co.ua,0,239816895,,,1
livesta.top,0,,,,0
livestashop.com.ua,0,269023811,,,1
lizir.com.ua,0,,,,1
localista.ua,0,269042394,,,1
lofthome.com.ua,0,,,,1
logevy.com.ua,0,269023835,,,1
lola.com.ua,0,269023856,,,1
lomy.com.ua,0,,,,1
lopromaxpku.com.ua,0,,,,1
lotosblago.com.ua,0,,,,1
lovellie.com.ua,0,,,,1
lovelycosmetik.com.ua,0,,,,1
loverry.com.ua,0,,,,1
lovers-mall.com.ua,0,,,,1
lovutrend.shop,0,,,,0
lpcompanygroup.com.ua,0,,,,1
lpcosmetics.com.ua,0,,,,1
lpets.com.ua,0,,,,1
lukib.com.ua,0,,,,1
lulubeauty.com.ua,0,269023973,,,1
luneva.world,0,,,,0
lunore.com.ua,0,,,,1
lusta.com.ua,0,,,,1
lux-home.shop,0,,,,0
lux-sleep.com.ua,0,269023996,,,1
luxajour.com.ua,0,239821440,,,1
luxautotuning.com,0,,,,0
luxbrands.com.ua,0,,,,1
luxplace.com.ua,0,,,,1
luxurygoods.com.ua,0,,,,1
luxus.com.ua,0,,,,1
m-vector.com.ua,0,,,,1
m15store.com.ua,0,239821461,,,1
maaf.ua,0,,,,1
mabook.com.ua,0,,,,1
macashome.com.ua,0,,,,1
macronsport.com.ua,0,,,,1
macrostandart.com.ua,0,186631296,,,1
magazin-ukraine.com.ua,0,,,,1
magichata.ua,0,,,,1
magicktime.com.ua,0,,,,1
magicshine.net.ua,0,,,,1
magio.shop,0,239469279,,,0
magiyaroslyn.com,0,252936447,,,0
magiyasezoniv.com.ua,0,,,,1
mahazyn.com.ua,0,,,,1
mahazynnyk.com,0,252944053,,,0
mahralux.company,0,,,,0
malevich-art.com.ua,0,269024197,,,1
malevichshop.pro,0,,,,0
mamedin.com.ua,0,239821505,,,1
maminlisenok.com.ua,0,269024229,,,1
manshop.store,0,,,,0
maral.com.ua,0,269024273,,,1
marebeauty.com.ua,0,,,,1
marise.com.ua,0,,,,1
market-star.site,0,,,,0
markets.odesa.ua,0,,,,1
marketvzuttya.com,0,,,,0
marmorino.com.ua,0,,,,1
marsan.com.ua,0,239821528,,,1
marsante.com.ua,0,,,,1
marstek-ukraine.com.ua,0,,,,1
maryuphair.com.ua,0,,,,1
maslozona.com.ua,0,,,,1
massageok.org,0,,,,0
masterfox.com.ua,0,,,,1
mastergrill.od.ua,0,,,,1
masterservice.energy,0,261851713,,,0
mateclub.com.ua,0,,,,1
matras.com.ua,0,239822007,,,1
maxis.com.ua,0,188221011,,,1
mbarestyling.com,0,,,,0
mbud.if.ua,0,,,,1
mda-store.com,0,253216028,,,0
mdcar.com.ua,0,,,,1
me-to-you.com.ua,0,,,,1
meatbowl.pet,0,238860790,,,0
meatorfish.com.ua,0,,,,1
mebelelite.com.ua,0,,,,1
mebelisavp.com.ua,0,,,,1
mebishop.com.ua,0,,,,1
mebleva-krayina.com,0,,,,0
meblevo.com.ua,0,,,,1
mebli-mebli.com.ua,0,184802813,,,1
mebli-mebli.ua,0,190271893,,,1
meblibrw.com.ua,0,,,,1
meblikyiv.com.ua,0,269024592,,,1
meblioteka.store,0,,,,0
meblizdeteva.com.ua,0,,,,1
med-sestra.com.ua,0,,,,1
medem.ua,0,239829912,,,1
medok.kr.ua,0,,,,1
medpotreba.com.ua,0,,,,1
meduzabaza.com.ua,0,,,,1
megabruk.com.ua,0,,,,1
megakot.com.ua,0,269024725,,,1
meloni.com.ua,0,269024768,,,1
melvotek.com.ua,0,,,,1
mensori.com.ua,0,,,,1
menuet.me,0,,,,0
merki.com.ua,0,,,,1
meshokshop.online,0,,,,0
metaplant.store,0,,,,0
mfu.co.ua,0,,,,1
mia-baby.com.ua,0,,,,1
midnite.com.ua,0,,,,1
midvana.com.ua,0,,,,1
mikkatoys.com.ua,0,,,,1
mil-tec.com.ua,0,,,,1
milava.com.ua,0,,,,1
militaris.com.ua,0,185743120,,,1
militex.com.ua,0,269024934,,,1
minerva.md,0,,,,0
miramax.com.ua,0,,,,1
mirkleenki.com.ua,0,239822213,,,1
mironiks.shop,0,268464435,,,0
mirrorideas.com.ua,0,,,,1
misgaran.com.ua,0,,,,1
mita-security.com.ua,0,,,,1
miw.com.ua,0,,,,1
mix-center.net.ua,0,,,,1
miydim.store,0,,,,0
miykamin.com.ua,0,218228093,,,1
mizap.com.ua,0,269025106,,,1
mizma-beauty.com.ua,0,,,,1
mlmilitary.com.ua,0,,,,1
mltools.com.ua,0,269025125,,,1
mnky.com.ua,0,,,,1
modamia.com.ua,0,,,,1
modern-studio.com.ua,0,239822257,,,1
modernwar.shop,0,268464865,,,0
modnakazka.com.ua,0,,,,1
modniflow.com,0,,,,0
modnostore.com.ua,0,,,,1
moduledecor.com.ua,0,269025202,,,1
moes.in.ua,0,,,,1
molbert.shop,0,,,,0
moldmix.com.ua,0,,,,1
molekule.store,0,,,,0
molo.com.ua,0,,,,1
molrai.com.ua,0,,,,1
molti.com.ua,0,,,,1
momi.com.ua,0,,,,1
moneti.com.ua,0,269025240,,,1
monoshoes.com.ua,0,,,,1
monran.com.ua,0,269025257,,,1
montero-beauty.com,0,,,,0
mooncraft.com.ua,0,,,,1
moonfull.eu,0,,,,0
moonlightoptics.com.ua,0,,,,1
moresvitla.com.ua,0,,,,1
moroziukcosmetic.com,0,,,,0
moto-master.org,0,,,,0
motoking.com.ua,0,,,,1
mottop.com.ua,0,,,,1
move-clothing.com.ua,0,,,,1
moyamaska.com.ua,0,,,,1
mpl-group.com.ua,0,269025367,,,1
mrflakon.com.ua,0,269025377,,,1
mrmagpie.store,0,268671049,,,0
mstallyb2b.com,0,,,,0
mtw.com.ua,0,,,,1
multi-mart.com.ua,0,,,,1
murakhy.store,0,268671206,,,0
muraveinyk.com.ua,0,269025437,,,1
mus.com.ua,0,,,,1
mushlia-beauty.store,0,,,,0
muztus.com.ua,0,,,,1
my-notes.com.ua,0,,,,1
myami.com.ua,0,,,,1
myasnov-horeca.shop,0,,,,0
myasnoy.com.ua,0,,,,1
mydoma.com.ua,0,,,,1
myfriend.pet,0,,,,0
mykorea.com.ua,0,,,,1
myprofcosm.com,0,253875067,,,0
mysize.com.ua,0,,,,1
mywayshop.com.ua,0,,,,1
nadihome.com.ua,0,,,,1
nadobranich.com.ua,0,,,,1
nailmaterials.com,0,,,,0
nakedcosmetics.shop,0,268466481,,,0
nantenamar.store,0,,,,0
nashaklumba.com.ua,0,,,,1
natael.ua,0,,,,1
naturestone.com.ua,0,,,,1
naturo.com.ua,0,,,,1
navuha.com.ua,0,,,,1
nbud.com.ua,0,,,,1
ncosmetics.com.ua,0,,,,1
ndb.gift,0,,,,0
nebazar.shop,0,,,,0
nelmio.com.ua,0,,,,1
nemesis.army,0,,,,0
neom.in.ua,0,,,,1
neomarketplace.com.ua,0,,,,1
neovanna.com,0,,,,0
nepicasso.com.ua,0,,,,1
nerey.com.ua,0,269025750,,,1
nerokava.com,0,,,,0
newbarbell.com,0,,,,0
newdiva.md,0,,,,0
nextech.com.ua,0,213143417,,,1
nextmart.net,0,,,,0
nextory.com.ua,0,,,,1
nh-prof.com,0,,,,0
niimbot-etykiety.pl,0,,,,0
nika-grand.com.ua,0,,,,1
nimbo.com.ua,0,,,,1
nishenka.com.ua,0,,,,1
nixsport.com.ua,0,,,,1
noelinbrand.com.ua,0,,,,1
noji-harizma.com.ua,0,,,,1
nomadflo.com.ua,0,,,,1
nordstar-shopping.com,0,,,,0
notabar.com.ua,0,,,,1
notebook-battery-power.com.ua,0,,,,1
novapidloga.com.ua,0,,,,1
novasco.com.ua,0,269025990,,,1
novaty.shop,0,,,,0
novazon.com.ua,0,,,,1
novod-ritm.com.ua,0,,,,1
numohrai.com.ua,0,,,,1
nuovasimonelli.com.ua,0,269026061,,,1
nuts-khm.com.ua,0,,,,1
nvinity.pl,0,,,,0
o-t.com.ua,0,,,,1
oasiscosmetics.com.ua,0,,,,1
obana.beauty,0,,,,0
obiimy.com.ua,0,,,,1
oboronprom.com.ua,0,,,,1
octopustoys.com.ua,0,269026139,,,1
odin.ua,0,,,,1
odri.in.ua,0,,,,1
oh-smereko.com.ua,0,,,,1
ohaino.com.ua,0,,,,1
oila.shop,0,,,,0
oilx.com.ua,0,,,,1
ok-mkb.com.ua,0,,,,1
okki-shop.com,0,,,,0
okovab2b.com,0,254429535,,,0
olammarket.com.ua,0,,,,1
oledim.ua,0,,,,1
omega78auto.com.ua,0,,,,1
omegasport.com.ua,0,,,,1
oneapple.com.ua,0,269026336,,,1
onebay.com.ua,0,,,,1
onemonth.com.ua,0,,,,1
onestore.com.ua,0,,,,1
onlydress.com.ua,0,239822649,,,1
oolaboo.com.ua,0,,,,1
operum.ua,0,,,,1
opt-club.com.ua,0,185588487,,,1
optmotomotion.com.ua,0,,,,1
opto-market.com.ua,0,,,,1
optskladsnasti.com.ua,0,269026447,,,1
oral.com.ua,0,,,,1
orangeshop24.com.ua,0,239822684,,,1
organiclive.in.ua,0,239828024,,,1
orientalcase.com,0,254558529,,,0
original.com.ua,0,,,,1
original.kyiv.ua,0,,,,1
originalgonya.com,0,,,,0
originalonly.com.ua,0,,,,1
orthomarket.com.ua,0,269026497,,,1
orthomix.com.ua,0,269026498,,,1
oscartobacco.in.ua,0,269038162,,,1
outdoorsy.com.ua,0,,,,1
oystarstudio.com.ua,0,,,,1
pack-you.ua,0,269046953,,,1
packpro.com.ua,0,269026643,,,1
palala.com.ua,0,,,,1
palaupremium.com.ua,0,,,,1
palisad.in.ua,0,,,,1
paliuha.com.ua,0,,,,1
palladiumshop.com.ua,0,,,,1
palnik.org.ua,0,,,,1
paluba.com.ua,0,269026665,,,1
panacea-boutique.com.ua,0,,,,1
pandasleep.ua,0,,,,1
pandoroom.com.ua,0,,,,1
panelivsim.in.ua,0,269038188,,,1
panleo.com.ua,0,,,,1
pantabak.com.ua,0,,,,1
panteh.com.ua,0,,,,1
pantir.com.ua,0,,,,1
pantoys.com.ua,0,269026715,,,1
panyolai.com.ua,0,,,,1
paoldini.com.ua,0,,,,1
paoloperuzzi.com.ua,0,,,,1
papag.com.ua,0,,,,1
paperx.com.ua,0,,,,1
parichka.com.ua,0,,,,1
parketindustry.com.ua,0,,,,1
patriot.pl.ua,0,,,,1
paulbag.pl,0,,,,0
pavabooks.com,0,,,,0
pavia.com.ua,0,,,,1
pavlina.com.ua,0,269026812,,,1
pcboost.com.ua,0,,,,1
pckey.com.ua,0,269026829,,,1
pelushka.com.ua,0,239822817,,,1
peonies.com.ua,0,,,,1
peonita.farm,0,262237929,,,0
peptide-product.com,0,254846614,,,0
perfumia.shop,0,,,,0
pershasumka.com.ua,0,,,,1
pesitro.pl,0,,,,0
petkomplekt.com.ua,0,,,,1
petline.com.ua,0,,,,1
petmap.vet,0,,,,0
petscountry.com.ua,0,,,,1
petstories.com.ua,0,,,,1
pettika.com.ua,0,,,,1
pettronic.com.ua,0,,,,1
pharmex.club,0,,,,0
phome.com.ua,0,,,,1
phomemo.com.ua,0,269026950,,,1
piktherm.ua,0,213143955,,,1
pinkrabbitsexshop.com.ua,0,,,,1
pipetrade.pl,0,,,,0
planetoil.store,0,185100032,,,0
plastall.kiev.ua,0,184927427,,,1
playthegame.com.ua,0,,,,1
plexo.com.ua,0,,,,1
plushki.com.ua,0,269027137,,,1
plusplusshop.com.ua,0,,,,1
pmstore.com.ua,0,,,,1
pochatok.space,0,,,,0
podarkus.ua,0,269047183,,,1
podium-bashtanka.com,0,,,,0
podushky.com.ua,0,,,,1
poliv-opt.com,0,,,,0
poltagro.com,0,,,,0
poltavasnast.com,0,255079864,,,0
polumiani.com.ua,0,,,,1
polycarb.com.ua,0,,,,1
polychka.kyiv.ua,0,,,,1
pondshop.com.ua,0,,,,1
popari-dolinka.shop,0,268472645,,,0
postelbelie.com.ua,0,,,,1
posteleon.com.ua,0,,,,1
postelka.ua,0,,,,1
postelyshka.com.ua,0,,,,1
posthom.com.ua,0,,,,1
postilna-bilyzna.com.ua,0,,,,1
posvex.com.ua,0,,,,1
potovar.com.ua,0,,,,1
power-hub.com.ua,0,,,,1
power-ukraine.com.ua,0,269027350,,,1
powerbank.ua,0,269047272,,,1
powernation.com.ua,0,,,,1
pratta.ua,0,,,,1
pricepuch.com.ua,0,269027443,,,1
primamateria.com.ua,0,,,,1
prime-delivery.com.ua,0,,,,1
primeberg.com.ua,0,,,,1
primechoice.in.ua,0,,,,1
princesshome.com.ua,0,,,,1
print.uz.ua,0,,,,1
prizmo.com.ua,0,,,,1
pro-air.com.ua,0,,,,1
pro-electric.com.ua,0,,,,1
pro-heat.com.ua,0,,,,1
pro-mebli.com.ua,0,,,,1
pro-scan.com.ua,0,269027521,,,1
probioday.com,0,232254616,,,0
prof-derma.com.ua,0,,,,1
prof-kosmetics.com.ua,0,,,,1
profilbond.com.ua,0,,,,1
profiline.net.ua,0,239830360,,,1
profixer.com.ua,0,,,,1
profootboots.com.ua,0,,,,1
proftechnika.ua,0,,,,1
proftoolsp.com.ua,0,269027645,,,1
progres.ua,0,239832030,,,1
prokable.pl,0,,,,0
prokit.com.ua,0,,,,1
prokontrol.com.ua,0,,,,1
proliss.com.ua,0,,,,1
promam.global,0,,,,0
promosafe.com.ua,0,,,,1
propagandashop.com.ua,0,269027731,,,1
prosadok.com.ua,0,,,,1
prostir-neprostoi.com.ua,0,,,,1
prostoled.com,0,,,,0
prostotak-lingerie.com.ua,0,269027786,,,1
protec.md,0,,,,0
protector.ua,0,269047839,,,1
provetro.com.ua,0,269027814,,,1
ptr-b2b.com.ua,0,,,,1
pufia.com.ua,0,,,,1
puhnasta-textile.com,0,,,,0
pulsear.com.ua,0,,,,1
pulsebattery.com.ua,0,,,,1
puzoo.in.ua,0,239828096,,,1
puzoo.ua,0,239832913,,,1
puzzlik.com.ua,0,269027912,,,1
pxay.com.ua,0,,,,1
pyrofoto.com.ua,0,,,,1
qmd.com.ua,0,,,,1
qtap-shop.com.ua,0,,,,1
qtools.in.ua,0,,,,1
r1beauty.com.ua,0,,,,1
raccoon.coffee,0,,,,0
radiocrafts.com.ua,0,,,,1
radiovymir.com.ua,0,,,,1
rafaelinstrumenty.com.ua,0,,,,1
raktar.ua,0,269047888,,,1
ramp-beer.com,0,255506578,,,0
raxy.com.ua,0,,,,1
ray.ua,0,,,,1
rbox.com.ua,0,213143505,,,1
rdcarp.com,0,,,,0
reability.com.ua,0,269028105,,,1
real.net.ua,0,,,,1
reborn-babyside.com.ua,0,,,,1
rebus.ua,0,269047898,,,1
recycle-hub.com.ua,0,269028146,,,1
redsakura.com.ua,0,,,,1
reffyoptic.md,0,,,,0
regard.ua,0,,,,1
rekuperatory.com.ua,0,269028194,,,1
rem-baza.com,0,,,,0
remora.com.ua,0,,,,1
remzapas.com,0,255652031,,,0
ren-autotime.com.ua,0,,,,1
rescue.com.ua,0,,,,1
restavro.in.ua,0,,,,1
ridexbike.com,0,,,,0
rightmann.com.ua,0,,,,1
ril.com.ua,0,,,,1
rincom.in.ua,0,269038430,,,1
riwell-radkevich.store,0,,,,0
roadvibe.store,0,,,,0
rocca.com.ua,0,,,,1
rockfish.com.ua,0,,,,1
rodovid.store,0,,,,0
rollshop.com.ua,0,,,,1
roni-ron.com.ua,0,,,,1
rosebloom.com.ua,0,,,,1
rosessoapopt.com.ua,0,,,,1
roslynahealth.com.ua,0,,,,1
rotkart.com.ua,0,,,,1
rover-plus.com.ua,0,,,,1
royal-kids.com.ua,0,,,,1
rozpustashop.com.ua,0,,,,1
rozumnik.com.ua,0,,,,1
rozzy-store.com.ua,0,,,,1
rsparts.com.ua,0,,,,1
rukodellniza.in.ua,0,,,,1
rukodilnalavka-yarn.com.ua,0,,,,1
runabags.com.ua,0,269028576,,,1
runningcats.com.ua,0,,,,1
runrun.md,0,,,,0
runshop.com.ua,0,,,,1
rustins1.com.ua,0,,,,1
rutm.store,0,,,,0
rvparts.com.ua,0,,,,1
rybsvit.com.ua,0,,,,1
ryven.com.ua,0,,,,1
s-linecoffeecompany.com,0,255991908,,,0
s-skyhit.com.ua,0,,,,1
sadim.in.ua,0,,,,1
sadokpirog.com,0,232647216,,,0
safe-house.com.ua,0,,,,1
safeplanetbeauty.com.ua,0,,,,1
safepower.com.ua,0,,,,1
safepro.co.ua,0,,,,1
saguaro.com.ua,0,269028680,,,1
salmo-ukraine.com,0,,,,0
salonsvitlo.com.ua,0,,,,1
sam-vorota.com.ua,0,239823557,,,1
samik.com.ua,0,,,,1
san-to.com.ua,0,,,,1
santechfilter.com.ua,0,,,,1
santeh-impuls.com,0,,,,0
santeh-prime.com.ua,0,,,,1
santeh-room.com.ua,0,,,,1
santeh-set.com,0,,,,0
santeh-shop.md,0,185735272,,,0
santehcatalog.com,0,,,,0
santehfranco.com,0,,,,0
santehholl.com.ua,0,,,,1
santehspec.com.ua,0,,,,1
santehtile.com.ua,0,,,,1
santekh-plus.com.ua,0,269028806,,,1
sapphirejewelry.com.ua,0,,,,1
sara.in.ua,0,269038496,,,1
scan-line.com.ua,0,,,,1
scanerok.com.ua,0,,,,1
seazon.studio,0,,,,0
sebi.com.ua,0,,,,1
sectorkross.com.ua,0,,,,1
sectorx.com.ua,0,,,,1
seko.co.ua,0,,,,1
selove.ua,0,,,,1
servicepart.com.ua,0,,,,1
sevenshop.com.ua,0,,,,1
sewing-hub.com.ua,0,,,,1
sexperiences.com.ua,0,,,,1
sfit.com.ua,0,,,,1
sgrestore.com.ua,0,239823685,,,1
shadell.com.ua,0,,,,1
shafamania.com,0,256397545,,,0
shafran.shop,0,,,,0
shampur-box.com.ua,0,,,,1
sharatkaniopt.com.ua,0,,,,1
shekalada.com.ua,0,,,,1
shijingtools.com.ua,0,,,,1
shkarpetku.in.ua,0,,,,1
shop-20duymiv.com,0,232959242,,,0
shop-grit.com.ua,0,,,,1
shop-master.com.ua,0,269029252,,,1
shop3dprostir.com,0,,,,0
shopmonkeys.ua,0,269048146,,,1
shopo-golik.com.ua,0,,,,1
shopomama.in.ua,0,269038546,,,1
shopoman.com.ua,0,,,,1
shpalery-ua.com,0,,,,0
shrotlutsk.com.ua,0,,,,1
shtyrman390.com.ua,0,269029304,,,1
shumart.com.ua,0,269029308,,,1
siayvomarket.com.ua,0,,,,1
sicret.fun,0,,,,0
sigma-hilzy.com.ua,0,,,,1
sigonnatools.com,0,256583927,,,0
silentpets.com.ua,0,,,,1
simeinatsukernia.com.ua,0,,,,1
simmsfishing.com.ua,0,,,,1
simple-flowers.com.ua,0,,,,1
simpleopt.com.ua,0,,,,1
simplyshop.com.ua,0,,,,1
sinel.com.ua,0,,,,1
sitoria.com,0,256646782,,,0
sivertrade.site,0,268553643,,,0
sivok.com.ua,0,,,,1
sizney.com,0,,,,0
skateboards.com.ua,0,,,,1
skhidnytsia-dzherela.com.ua,0,,,,1
skincosmetics.com.ua,0,,,,1
skinexi.com,0,256672609,,,0
skinmtx.online,0,,,,0
skinovate.com.ua,0,,,,1
skladova.ua,0,,,,1
skladteplotehniki.com,0,,,,0
skuterok.com,0,256681957,,,0
slimming-time-romania.com,0,,,,0
slipik.in.ua,0,,,,1
slmoto.com.ua,0,,,,1
slush-planet.com.ua,0,269029572,,,1
smakodar.com.ua,0,,,,1
smart-child.com.ua,0,,,,1
smart-pages.com.ua,0,,,,1
smartbazar.com.ua,0,185701662,,,1
smartmebel.net,0,265394618,,,0
smartpack.com.ua,0,,,,1
smartprostir.com.ua,0,,,,1
smartville.com.ua,0,,,,1
smazchukshop.com.ua,0,,,,1
smdmarketua.com,0,256734035,,,0
smilo.ua,0,,,,1
smoke-shop.in.ua,0,,,,1
smokeclub13.com,0,256743598,,,0
smokervapes.com,0,,,,0
snakee.com.ua,0,,,,1
so-skin.com.ua,0,269029729,,,1
sofdim.com,0,,,,0
sofit.md,0,,,,0
sognolingerie.com.ua,0,,,,1
sokil24.com,0,256794388,,,0
solar-krep.com.ua,0,,,,1
solarcompany.shop,0,,,,0
solardealers.shop,0,,,,0
solarline.com.ua,0,,,,1
solarman.com.ua,0,,,,1
solatoys.com.ua,0,,,,1
soldoutvibe.com,0,,,,0
solident.com.ua,0,,,,1
soltrix.com.ua,0,,,,1
sonce-lan.com.ua,0,,,,1
sonmark.org.ua,0,,,,1
sontelle.com.ua,0,,,,1
soreinpower.com.ua,0,269029828,,,1
sostore.com.ua,0,,,,1
soundpulse.com.ua,0,269029844,,,1
sounds.in.ua,0,,,,1
southgeckoland.com.ua,0,,,,1
souvenirs.in.ua,0,269038633,,,1
souvenirspot.shop,0,,,,0
spacebooks.com.ua,0,,,,1
spaceforma.com.ua,0,,,,1
sparja.shop,0,,,,0
spdivany.com.ua,0,269029893,,,1
specialbooks.store,0,,,,0
speckabel.com,0,256895557,,,0
spectehnika.khmelnitskiy.ua,0,269039802,,,1
speedy.com.ua,0,269029915,,,1
spekacoffee.com.ua,0,,,,1
spicefair.shop,0,,,,0
spirtik.com.ua,0,269029945,,,1
splash-point.com.ua,0,,,,1
spoiler.com.ua,0,218228301,,,1
sportichub.com.ua,0,,,,1
sportikstore.com.ua,0,,,,1
sportlinefitness.in.ua,0,269038655,,,1
sprayhub.com.ua,0,,,,1
springgroup.com.ua,0,,,,1
sprut.net.ua,0,,,,1
sriblohit.com.ua,0,,,,1
stabilizator.in.ua,0,,,,1
stahlpro.com.ua,0,,,,1
stalevamaisternya.com.ua,0,,,,1
startavto.com.ua,0,,,,1
startopwomen.com.ua,0,,,,1
statura.com.ua,0,,,,1
steam-cloud.com.ua,0,,,,1
steam-sale.com,0,,,,0
steelhornets.com.ua,0,269030153,,,1
stela.com.ua,0,,,,1
steli-vlasnorych.com.ua,0,,,,1
stellarshop.com.ua,0,,,,1
stepngo.com.ua,0,,,,1
stocktechtrade.com.ua,0,,,,1
storetruck.com.ua,0,,,,1
storix.com.ua,0,,,,1
storm-shop.com.ua,0,,,,1
stormblade.com.ua,0,,,,1
storrage.com.ua,0,,,,1
straziki.com,0,257081484,,,0
stroy-comf.com.ua,0,239824078,,,1
strum-motor.com.ua,0,,,,1
studymarket.com.ua,0,269030369,,,1
styleavenue.com.ua,0,,,,1
styleforma.com.ua,0,,,,1
styleo.com.ua,0,,,,1
sumkaland.com.ua,0,,,,1
sun24.in.ua,0,,,,1
sunvolt-shop.com.ua,0,,,,1
super-dim.com.ua,0,,,,1
superruchki.shop,0,,,,0
superscooter.com.ua,0,,,,1
supperruchki.com.ua,0,,,,1
supukraine.com,0,257212231,,,0
sushi-pack.com,0,,,,0
suvenirka-online.com.ua,0,,,,1
sv-tools.com.ua,0,,,,1
svaltera.in.ua,0,269038723,,,1
svbike.com.ua,0,,,,1
sveta-recommends.com.ua,0,269030553,,,1
svichki.com.ua,0,,,,1
svideashop.com.ua,0,,,,1
svit-sniv.com.ua,0,,,,1
svitashka.com.ua,0,,,,1
sviteko.com.ua,0,,,,1
svitkolgot.com.ua,0,,,,1
svitlomayster.com.ua,0,,,,1
svitloopt-plus.store,0,239600047,,,0
svitmag.com.ua,0,,,,1
svitpalatok.com.ua,0,,,,1
svitparu.com.ua,0,,,,1
svittovariv.com,0,,,,0
svittvohodytynstva.com.ua,0,,,,1
svsopt.com.ua,0,,,,1
sweetvelours.com.ua,0,,,,1
swisssecret.shop,0,,,,0
sydorpack.com.ua,0,,,,1
t2p.com.ua,0,,,,1
tabacase.com.ua,0,,,,1
tabak1kg.com.ua,0,,,,1
tac-postel.com.ua,0,,,,1
tactech.com.ua,0,,,,1
tactical-arsenal.com.ua,0,,,,1
tadykaguitars.com,0,217242561,,,0
taily.com.ua,0,,,,1
takesvoe.com.ua,0,,,,1
taras.market,0,,,,0
target-mall.com.ua,0,,,,1
tata-beauty-shop.com,0,,,,0
tea-rex.com.ua,0,,,,1
teabar.com.ua,0,,,,1
tece-ua.com,0,,,,0
tech-technics.com.ua,0,213143556,,,1
techgleam.com.ua,0,,,,1
techinprom.com.ua,0,269030891,,,1
techlight-shop.com.ua,0,,,,1
techno-jack.com.ua,0,,,,1
techno-pro.com.ua,0,,,,1
technoboost.com.ua,0,,,,1
technoguru.com.ua,0,,,,1
technoplay.com.ua,0,269030923,,,1
technotak.store,0,,,,0
techspark.com.ua,0,,,,1
techsvitshop.com.ua,0,,,,1
tecofit.com.ua,0,,,,1
tecros.com.ua,0,,,,1
tehno-grad.com.ua,0,,,,1
tehservice.com.ua,0,,,,1
teli.com.ua,0,,,,1
tenpro.com.ua,0,,,,1
tentexpert.com.ua,0,,,,1
teploera.com.ua,0,210883320,,,1
teplokup.online,0,,,,0
teplonix.com.ua,0,,,,1
teplovolt.com.ua,0,,,,1
tere.com.ua,0,,,,1
termal-service.com.ua,0,269031067,,,1
termoizolk.in.ua,0,,,,1
terragaia.com.ua,0,,,,1
territoryopt.com.ua,0,,,,1
teticosmetics.com.ua,0,,,,1
texsis.com.ua,0,,,,1
tfhydraulics.com.ua,0,,,,1
thebody.ua,0,,,,1
thehats.com.ua,0,,,,1
thekuznya.com,0,,,,0
thenineproducts.com,0,257755722,,,0
thepartyboutique.ua,0,239833285,,,1
thesharik.com.ua,0,,,,1
thesmart.com.ua,0,269031188,,,1
ti-store.com.ua,0,,,,1
tictum.com.ua,0,269031204,,,1
tigo-gas.com,0,,,,0
timari.com.ua,0,,,,1
timelike.co.ua,0,,,,1
tirway.pl,0,,,,0
titansport.com.ua,0,,,,1
tobacco-place.com.ua,0,269031289,,,1
tochkapl.com,0,,,,0
tomgard.com,0,258011019,,,0
tool-boxx.com.ua,0,,,,1
toolbase.com.ua,0,213143570,,,1
tools-hub.com.ua,0,,,,1
toolset.in.ua,0,,,,1
tooltrail.com.ua,0,,,,1
top-tex.com.ua,0,,,,1
topcoins.com.ua,0,,,,1
tophair.com.ua,0,,,,1
tophone.com.ua,0,,,,1
topline.in.ua,0,,,,1
toppadel.com.ua,0,,,,1
toppod.com.ua,0,,,,1
toptovar.in.ua,0,,,,1
topzap.com.ua,0,,,,1
torgdnepr.com.ua,0,,,,1
tortsells.com.ua,0,,,,1
tosonce.com.ua,0,269031427,,,1
tosteroni.com.ua,0,,,,1
totalmarket.top,0,268860701,,,0
totalshield.com.ua,0,,,,1
toylexparts.com.ua,0,,,,1
tr-ua.com,0,258099533,,,0
tradepro.com.ua,0,,,,1
trainssy.com.ua,0,,,,1
trakciashop.com,0,,,,0
transformula.ua,0,,,,1
traveler.com.ua,0,269031526,,,1
travkialeksandra.com,0,,,,0
trebaprokat.com.ua,0,,,,1
trevi.ua,0,,,,1
tricholabnl.online,0,,,,0
trichoshop.com,0,233901381,,,0
trubna-armatura.com.ua,0,,,,1
trucare.com.ua,0,,,,1
truffluv.com.ua,0,,,,1
tryme.com.ua,0,,,,1
tsvtop.ro,0,,,,0
turbosolar.com.ua,0,,,,1
tutabud.com.ua,0,,,,1
tviybro.com.ua,0,,,,1
tviytool.com.ua,0,,,,1
tvoiacraftiarnia.com.ua,0,,,,1
twelve.com.ua,0,,,,1
tyretorg.com.ua,0,,,,1
ua-jet.com,0,,,,0
ua.tires,0,,,,0
ua3dprint.com.ua,0,,,,1
uasak.com,0,,,,0
uasklad.com,0,,,,0
uawomen.space,0,,,,0
ugory.com.ua,0,,,,1
ugrass.com.ua,0,,,,1
uk-uabooks.com,0,,,,0
ukrdefence.com,0,,,,0
ukrimex.group,0,262858231,,,0
ukrzont.com.ua,0,190427137,,,1
umd.net.ua,0,,,,1
underwear-shop.top,0,,,,0
unica-brand.com.ua,0,269032076,,,1
unisfera-shop.com.ua,0,,,,1
unitmarket.com.ua,0,,,,1
unityshop.com.ua,0,,,,1
upctextil.com,0,258407076,,,0
upgo.com.ua,0,,,,1
upupclothes.com,0,,,,0
usaautoparts.com.ua,0,269032162,,,1
usmall.com.ua,0,269032177,,,1
utp.group,0,212791237,,,0
uzvmag.com.ua,0,,,,1
vabs.com.ua,0,,,,1
vads.com.ua,0,,,,1
valeon.ua,0,,,,1
valesleepwear.com.ua,0,,,,1
valetti.com.ua,0,,,,1
valizacity.com.ua,0,,,,1
vamsvitlo.com.ua,0,269032286,,,1
van-n-truck.com,0,,,,0
vanesso.com.ua,0,,,,1
vapecontrol.com.ua,0,,,,1
vapeluxe.com.ua,0,,,,1
vapezone.net.ua,0,,,,1
vapolab.shop,0,,,,0
vaporesso.com.ua,0,,,,1
vario.net.ua,0,,,,1
vash-instrument.com,0,258518237,,,0
vasha-hata.uzhgorod.ua,0,,,,1
vashaoselya.com,0,,,,0
vashevolossya.com.ua,0,,,,1
vbi.com.ua,0,,,,1
vedashop.com.ua,0,269032372,,,1
vedunya.shop,0,,,,0
velo-battery.com,0,258542134,,,0
velo-gallery.com.ua,0,,,,1
velo-mw-bike.com.ua,0,269032399,,,1
veloegoist.shop,0,,,,0
velotorba.com.ua,0,269032419,,,1
velourintim.com.ua,0,,,,1
vends.com.ua,0,269032432,,,1
venscolor.com,0,,,,0
veresen-mf.com,0,,,,0
vergeopt.com.ua,0,,,,1
vernadsky.com.ua,0,269032470,,,1
versa.com.ua,0,,,,1
versal.salon,0,,,,0
vertice-shop.com.ua,0,,,,1
vertogarment.com,0,,,,0
vete.in.ua,0,,,,1
vibeclub.site,0,,,,0
vidnov.com.ua,0,191643891,,,1
vihome-nabytek.cz,0,,,,0
viki-store.com,0,,,,0
viks.shoes,0,,,,0
villa-decor.com.ua,0,,,,1
vintazhnizabaganky.com.ua,0,,,,1
vinylawave.com.ua,0,,,,1
vinylhouse.com.ua,0,,,,1
vioflora.com.ua,0,,,,1
viptovar.com.ua,0,269032692,,,1
virgil.com.ua,0,269032695,,,1
vitalinastore.com.ua,0,,,,1
vitalstroy.com.ua,0,,,,1
vitaminekr.com,0,258672774,,,0
vitamingo.com.ua,0,,,,1
vitastuff.com.ua,0,,,,1
vitasupp.com.ua,0,,,,1
vitavto.com.ua,0,,,,1
vitol6.com,0,258674365,,,0
vivabag.pro,0,,,,0
viverra.com.ua,0,,,,1
vivio.com.ua,0,269032775,,,1
vlasnuj-vurib.store,0,,,,0
vlasnyifermer.com,0,,,,0
vlitvin.com.ua,0,,,,1
voentorg1.com.ua,0,,,,1
voge-shop.com.ua,0,269032845,,,1
vohnyshe.com.ua,0,,,,1
voin.com.ua,0,,,,1
vok.kh.ua,0,269039584,,,1
voltech.in.ua,0,,,,1
voltium.shop,0,,,,0
voltix.com.ua,0,,,,1
voltix24.shop,0,,,,0
voltline.in.ua,0,,,,1
voronvid.store,0,,,,0
vorotaservice.com,0,,,,0
vroomvroom.com.ua,0,,,,1
vse-ditkam.com.ua,0,,,,1
vse-svoye.com.ua,0,239826046,,,1
vse-use.store,0,268688270,,,0
vsempk.ua,0,269049642,,,1
vsetobi-market.com.ua,0,,,,1
vsimolotki.com.ua,0,,,,1
vslstudio.com.ua,0,,,,1
vstime.com.ua,0,,,,1
vsyake.com.ua,0,,,,1
vtarot.com.ua,0,,,,1
vtilene.studio,0,,,,0
vtileno.com.ua,0,,,,1
vunorob.com.ua,0,,,,1
vusatyk.com.ua,0,,,,1
vuyko.shop,0,,,,0
vvelika.com,0,258727812,,,0
vynogradovaart.com.ua,0,,,,1
vyrobymaistriv.com,0,258731131,,,0
vytachbakery.com,0,258731285,,,0
vzuttevuy-prospect.website,0,,,,0
walletaly.shop,0,,,,0
wallspace.in.ua,0,,,,1
warmbud.com.ua,0,,,,1
watari.com.ua,0,269033082,,,1
watches-of-usa.com,0,,,,0
waterdelivery.com.ua,0,,,,1
waterheat.com.ua,0,,,,1
wdrop24.com,0,,,,0
wefa.net.ua,0,269043979,,,1
weldex.com.ua,0,,,,1
wicanders.com.ua,0,,,,1
wildbox.com.ua,0,,,,1
wildtacticalfield.com,0,,,,0
wintel.com.ua,0,269033376,,,1
wonderfile.ua,0,,,,1
woodbrothers.com.ua,0,,,,1
woodenboxin.com.ua,0,,,,1
worldbooks.in.ua,0,,,,1
wowdim.com.ua,0,,,,1
wowspace.com.ua,0,269033467,,,1
wrd.com.ua,0,,,,1
wuben.com.ua,0,239826271,,,1
xn----7sbbfo3cgofuk3b.com.ua,0,,,,1
xn--b1agyb8b.in.ua,0,,,,1
xn--h1adheeb.com.ua,0,,,,1
xsell.com.ua,0,269033577,,,1
xsena.ua,0,269049690,,,1
xt-laser.com.ua,0,,,,1
xtech.com.ua,0,,,,1
yakpomaslu.com.ua,0,188383883,,,1
yaktac.com.ua,0,,,,1
yamoya.com.ua,0,,,,1
yantarbs.com.ua,0,,,,1
yao.com.ua,0,211384502,,,1
yaremko.com.ua,0,,,,1
yater.top,0,,,,0
yatsom.com,0,259449142,,,0
yavagitna.com.ua,0,269033641,,,1
yavaperfume.top,0,,,,0
yesbook.com.ua,0,269033661,,,1
yilmaz-opt.com,0,,,,0
ykcosmetics.com.ua,0,269033668,,,1
yoroom.com.ua,0,,,,1
youhome-market.com.ua,0,,,,1
your-kids.com.ua,0,,,,1
your-step-mnf.com.ua,0,,,,1
your-store.com.ua,0,,,,1
yuga.com.ua,0,269033720,,,1
yuki.com.ua,0,,,,1
yumiko.com.ua,0,,,,1
yuzershop.com,0,259642788,,,0
zabaganka.shop,0,268494892,,,0
zaberi.com.ua,0,,,,1
zakdekor.com.ua,0,269033801,,,1
zakupochka.com,0,,,,0
zakwatches.com.ua,0,,,,1
zapchastiukr.com,0,259678964,,,0
zebra.org.ua,0,,,,1
zepline.com.ua,0,,,,1
zhytarok.ua,0,269049729,,,1
zmkomplekt.com.ua,0,,,,1
zolotnyk.com.ua,0,213143638,,,1
zoo-space.com.ua,0,,,,1
zoobaza.com.ua,0,269034027,,,1
zooboom.ua,0,269049737,,,1
zoobum.com,0,259825493,,,0
zoobum.com.ua,0,239826485,,,1
zooflex.com.ua,0,,,,1
zoolabs.eu,0,236190474,,,0
zoovet-lik.com,0,,,,0
zperchy.com.ua,0,,,,1
zrx-shop.com.ua,0,,,,1
